"","V1","V2","V3","V4","V5","Type","Species","Life_Stage","Hydraulic","Node"
"1",59.478716840834,59.478716840834,59.478716840834,59.478716840834,59.478716840834,"Q_limit1","Willow","Seedling","Shear Stress","J01-030"
"2",59.478716840834,59.478716840834,59.478716840834,59.478716840834,59.478716840834,"Q_limit2","Willow","Seedling","Shear Stress","J01-030"
"3",182.884073337958,465.089518099986,519.918653958475,429.158279655782,134.459160979834,"Hydraulic_limit1","Willow","Seedling","Shear Stress","J01-030"
"4",182.884073337958,465.089518099986,519.918653958475,429.158279655782,134.459160979834,"Hydraulic_limit2","Willow","Seedling","Shear Stress","J01-030"
