"","V1","V2","V3","V4","Type","Species","Life_Stage","Hydraulic","Node"
"1",120.447554913931,120.447554913931,120.447554913931,120.447554913931,"Q_limit1","Willow","Seedling","Shear Stress","J04-010"
"2",120.447554913931,120.447554913931,120.447554913931,120.447554913931,"Q_limit2","Willow","Seedling","Shear Stress","J04-010"
"3",23.7695573115993,54.4158864732352,55.9424774248499,41.7670795342022,"Hydraulic_limit1","Willow","Seedling","Shear Stress","J04-010"
"4",23.7695573115993,54.4158864732352,55.9424774248499,41.7670795342022,"Hydraulic_limit2","Willow","Seedling","Shear Stress","J04-010"
