"","V1","V2","V3","V4","V5","Type","Species","Life_Stage","Hydraulic","Node"
"1",190.154631055368,190.154631055368,190.154631055368,0.0148950629355566,190.154631055368,"Q_limit1","Willow","Seedling","Shear Stress","J01-040"
"2",190.154631055368,190.154631055368,190.154631055368,0.0148950629355566,190.154631055368,"Q_limit2","Willow","Seedling","Shear Stress","J01-040"
"3",27.2721043256123,73.9963893013064,79.1333900958212,1.19734870208514,29.2566357246048,"Hydraulic_limit1","Willow","Seedling","Shear Stress","J01-040"
"4",27.2721043256123,73.9963893013064,79.1333900958212,1.19734870208514,29.2566357246048,"Hydraulic_limit2","Willow","Seedling","Shear Stress","J01-040"
