"","V1","V2","V3","Type","Species","Life_Stage","Hydraulic","Node"
"1",167.446888125398,0.0137762840342832,167.446888125398,"Q_limit1","Willow","Seedling","Shear Stress","J01-060"
"2",167.446888125398,0.0137762840342832,167.446888125398,"Q_limit2","Willow","Seedling","Shear Stress","J01-060"
"3",137.188917447266,5.01154915219374,140.390645201512,"Hydraulic_limit1","Willow","Seedling","Shear Stress","J01-060"
"4",137.188917447266,5.01154915219374,140.390645201512,"Hydraulic_limit2","Willow","Seedling","Shear Stress","J01-060"
