"","V1","V2","V3","Type","Species","Life_Stage","Hydraulic","Node"
"1",31.2587256458642,31.2587256458642,31.2587256458642,"Q_limit1","Willow","Seedling","Shear Stress","J07-010"
"2",31.2587256458642,31.2587256458642,31.2587256458642,"Q_limit2","Willow","Seedling","Shear Stress","J07-010"
"3",134.082381007251,116.443664859607,97.6783953039299,"Hydraulic_limit1","Willow","Seedling","Shear Stress","J07-010"
"4",134.082381007251,116.443664859607,97.6783953039299,"Hydraulic_limit2","Willow","Seedling","Shear Stress","J07-010"
