"","V1","V2","V3","Type","Species","Life_Stage","Hydraulic","Node"
"1",332.012218693065,332.012218693065,332.012218693065,"Q_limit1","Willow","Seedling","Shear Stress","J01-010"
"2",332.012218693065,332.012218693065,332.012218693065,"Q_limit2","Willow","Seedling","Shear Stress","J01-010"
"3",8.03411445145401,12.6863379020442,10.7848885258272,"Hydraulic_limit1","Willow","Seedling","Shear Stress","J01-010"
"4",8.03411445145401,12.6863379020442,10.7848885258272,"Hydraulic_limit2","Willow","Seedling","Shear Stress","J01-010"
