"","V1","V2","V3","V4","V5","V6","Type","Species","Life_Stage","Hydraulic","Node"
"1",24.0296402641676,24.0296402641676,24.0296402641676,24.0296402641676,24.0296402641676,24.0296402641676,"Q_limit1","Willow","Seedling","Shear Stress","L02-022"
"2",24.0296402641676,24.0296402641676,24.0296402641676,24.0296402641676,24.0296402641676,24.0296402641676,"Q_limit2","Willow","Seedling","Shear Stress","L02-022"
"3",0,27.0751571242265,0.0574692867797886,28.7669014036605,7.27536426101354,35.2724407086842,"Hydraulic_limit1","Willow","Seedling","Shear Stress","L02-022"
"4",0,27.0751571242265,0.0574692867797886,28.7669014036605,7.27536426101354,35.2724407086842,"Hydraulic_limit2","Willow","Seedling","Shear Stress","L02-022"
