"","V1","V2","V3","V4","Type","Species","Life_Stage","Hydraulic","Node"
"1",14.8384724690851,14.8384724690851,14.8384724690851,14.8384724690851,"Q_limit1","Willow","Seedling","Shear Stress","L02-031"
"2",14.8384724690851,14.8384724690851,14.8384724690851,14.8384724690851,"Q_limit2","Willow","Seedling","Shear Stress","L02-031"
"3",41.8864940448975,45.662247094403,0.217387478457982,48.583392547705,"Hydraulic_limit1","Willow","Seedling","Shear Stress","L02-031"
"4",41.8864940448975,45.662247094403,0.217387478457982,48.583392547705,"Hydraulic_limit2","Willow","Seedling","Shear Stress","L02-031"
