"","slice1","slice2","slice3","slice4"
"1",23.7838295283169,9.02590618184526,1.76518211049339,3.51370226793092
"2",NA,24.449809326782,9.77121635744363,17.6087750926839
