"","slice1","slice2","slice3","slice4"
"1",5.03569218009042,1.29259047263412,0.539646635629432,0.164751626779966
"2",19.3674469142055,5.36734237066309,NA,1.32165332871576
