"","V1","V2","V3","V4","V5","Type","Species","Life_Stage","Hydraulic","Node"
"1",5.80987513981644,4.4260937283629,2.0798385129517,4.23421339561964,13.7742635911579,"Q_limit1","Chub","Adult","Depth","J01-030"
"2",12.635615597367,10.5757956295093,6.77741793990826,10.2842319414619,23.5750834789156,"Q_limit2","Chub","Adult","Depth","J01-030"
"3",34.3765387515671,34.3765702207273,34.3765360171473,34.376549374196,34.3817932831231,"Hydraulic_limit1","Chub","Adult","Depth","J01-030"
"4",57.4430556538343,57.4434828810294,57.4405046391167,57.4436219947264,57.3366691941766,"Hydraulic_limit2","Chub","Adult","Depth","J01-030"
