"","V1","V2","V3","Type","Species","Life_Stage","Hydraulic","Node"
"1",2.93647909874272,0.932305495393644,3.04878188154812,"Q_limit1","Chub","Adult","Depth","J03-010"
"2",6.48338036624696,3.11264788257229,6.65535618825795,"Q_limit2","Chub","Adult","Depth","J03-010"
"3",34.3765356573813,34.3765416801866,34.3765371761004,"Hydraulic_limit1","Chub","Adult","Depth","J03-010"
"4",57.4434491736388,57.4436801041058,57.4435926626169,"Hydraulic_limit2","Chub","Adult","Depth","J03-010"
