"","V1","V2","V3","Type","Species","Life_Stage","Hydraulic","Node"
"1",4.1732045101576,1.07790019336773,2.29755392917381,"Q_limit1","Chub","Adult","Depth","J01-061"
"2",7.20368464508809,2.90449684381568,4.70300040968218,"Q_limit2","Chub","Adult","Depth","J01-061"
"3",34.376545727135,34.3765384308523,34.3765369980434,"Hydraulic_limit1","Chub","Adult","Depth","J01-061"
"4",57.4429826213766,57.443651106517,57.4436910601811,"Hydraulic_limit2","Chub","Adult","Depth","J01-061"
