"","V1","V2","V3","Type","Species","Life_Stage","Hydraulic","Node"
"1",0.275806094565534,0.185648221960551,0.708750432357309,"Q_limit1","Chub","Adult","Velocity","J01-100"
"2",0.691099850915094,0.185648221960551,1.21457711515515,"Q_limit2","Chub","Adult","Velocity","J01-100"
"3",0.293928114096165,0.685694550524304,0.293931102749673,"Hydraulic_limit1","Chub","Adult","Velocity","J01-100"
"4",0.685694487363719,0.685694550524304,0.685693887755036,"Hydraulic_limit2","Chub","Adult","Velocity","J01-100"
