"","V1","V2","V3","Type","Species","Life_Stage","Hydraulic","Node"
"1",4.37701084167498,0.032957976135109,4.15997444281299,"Q_limit1","Chub","Adult","Velocity","J01-080"
"2",5.05236119195559,0.032957976135109,4.89271983284218,"Q_limit2","Chub","Adult","Velocity","J01-080"
"3",0.293933053025508,0.685694554467946,0.293935096273317,"Hydraulic_limit1","Chub","Adult","Velocity","J01-080"
"4",0.685694420829368,0.685694554467946,0.685693190806362,"Hydraulic_limit2","Chub","Adult","Velocity","J01-080"
