"","V1","V2","V3","Type","Species","Life_Stage","Hydraulic","Node"
"1",39.7163896244658,5.576886630697,50.6285818591745,"Q_limit1","Chub","Adult","Depth","J01-091"
"2",62.4738203238076,15.7106692507762,76.9185555927744,"Q_limit2","Chub","Adult","Depth","J01-091"
"3",34.4092908057119,34.3767046716928,34.3908575942346,"Hydraulic_limit1","Chub","Adult","Depth","J01-091"
"4",56.4451837548469,57.4436455310145,57.402278711084,"Hydraulic_limit2","Chub","Adult","Depth","J01-091"
