"","V1","V2","V3","Type","Species","Life_Stage","Hydraulic","Node"
"1",5.3164032163892,3.63368289299534,5.5000852542048,"Q_limit1","Chub","Adult","Depth","J01-010"
"2",14.1336615278916,11.4419062649243,14.4168022584755,"Q_limit2","Chub","Adult","Depth","J01-010"
"3",34.3765356566145,34.3765363853421,34.3765358427897,"Hydraulic_limit1","Chub","Adult","Depth","J01-010"
"4",57.4436815350046,57.4436796463329,57.4436777300839,"Hydraulic_limit2","Chub","Adult","Depth","J01-010"
