"","V1","V2","V3","Type","Species","Life_Stage","Hydraulic","Node"
"1",1.76811626031996,0.23933371267803,0.700320991482711,"Q_limit1","Chub","Adult","Velocity","J01-010"
"2",1.76811626031996,22.6891581584487,30.9759909251619,"Q_limit2","Chub","Adult","Velocity","J01-010"
"3",0.184930313649269,0.184930313820095,0.184930313819163,"Hydraulic_limit1","Chub","Adult","Velocity","J01-010"
"4",0.184930313649269,0.794692332488003,0.79469235646607,"Hydraulic_limit2","Chub","Adult","Velocity","J01-010"
