"","V1","V2","V3","Type","Species","Life_Stage","Hydraulic","Node"
"1",23.1846678305053,2.63041085964319,22.5057902518801,"Q_limit1","Chub","Adult","Depth","J01-080"
"2",80.4581641562953,24.5070317341012,78.8229147830355,"Q_limit2","Chub","Adult","Depth","J01-080"
"3",27.9586775690264,27.9587530193843,27.9587472439432,"Hydraulic_limit1","Chub","Adult","Depth","J01-080"
"4",64.2604951339179,63.8619786138699,64.0907585224444,"Hydraulic_limit2","Chub","Adult","Depth","J01-080"
