"","V1","V2","V3","Type","Species","Life_Stage","Hydraulic","Node"
"1",0.514711954515447,0.249599143955693,0.98523598430844,"Q_limit1","Chub","Adult","Velocity","J01-060"
"2",2.52965652782084,0.249599143955693,2.08206740596542,"Q_limit2","Chub","Adult","Velocity","J01-060"
"3",0.293928092269856,0.685694554305928,0.293928166724349,"Hydraulic_limit1","Chub","Adult","Velocity","J01-060"
"4",0.68569455406771,0.685694554305928,0.68569452554516,"Hydraulic_limit2","Chub","Adult","Velocity","J01-060"
