"","V1","V2","V3","Type","Species","Life_Stage","Hydraulic","Node"
"1",0.0575746793801851,0.00254113775507322,0.408046391009734,"Q_limit1","Chub","Adult","Velocity","J01-031"
"2",0.893079670544208,0.406178181037913,2.3598046718853,"Q_limit2","Chub","Adult","Velocity","J01-031"
"3",0.184930312836802,0.184930313819116,0.184930310928943,"Hydraulic_limit1","Chub","Adult","Velocity","J01-031"
"4",0.794695212241805,0.794692327252913,0.794701945271416,"Hydraulic_limit2","Chub","Adult","Velocity","J01-031"
