"","V1","V2","V3","V4","Type","Species","Life_Stage","Hydraulic","Node"
"1",0.121140628072686,0.401439534782107,0.0164342563058436,0.650606848654422,"Q_limit1","Chub","Adult","Velocity","J04-010"
"2",9.87210437966457,6.38557320103378,4.50630056401465,9.75376192358586,"Q_limit2","Chub","Adult","Velocity","J04-010"
"3",0.184930313818647,0.184930313679415,0.184930313819847,0.184930313819993,"Hydraulic_limit1","Chub","Adult","Velocity","J04-010"
"4",0.794692555414757,0.794692409438735,0.794692331288773,0.794694612756572,"Hydraulic_limit2","Chub","Adult","Velocity","J04-010"
