"","V1","V2","V3","Type","Species","Life_Stage","Hydraulic","Node"
"1",3.55246272955278,2.17842445821648,3.7064155597956,"Q_limit1","Chub","Adult","Depth","J01-010"
"2",17.243378367603,14.2826459820943,17.5535376874619,"Q_limit2","Chub","Adult","Depth","J01-010"
"3",27.958753805285,27.9587535537966,27.9587538514163,"Hydraulic_limit1","Chub","Adult","Depth","J01-010"
"4",63.8614745167338,63.8615044355643,63.8614819601993,"Hydraulic_limit2","Chub","Adult","Depth","J01-010"
