"","V1","V2","V3","V4","Type","Species","Life_Stage","Hydraulic","Node"
"1",12.5731367417709,5.08334686967787,0.629422729586164,1.90952009002807,"Q_limit1","Chub","Adult","Depth","J01-020"
"2",30.0715859607637,17.5208246233497,5.73892690098204,10.2127541679407,"Q_limit2","Chub","Adult","Depth","J01-020"
"3",27.9587350124024,27.9587505273867,27.958753873854,27.9587538778224,"Hydraulic_limit1","Chub","Adult","Depth","J01-020"
"4",63.8615892936036,63.8614772086943,63.8614747871088,63.8614767629918,"Hydraulic_limit2","Chub","Adult","Depth","J01-020"
