"","V1","V2","V3","Type","Species","Life_Stage","Hydraulic","Node"
"1",30.9579974806725,4.03720220507103,30.1781917671636,"Q_limit1","Chub","Adult","Depth","J01-080"
"2",67.2217558522818,17.6372447787782,66.1027802249303,"Q_limit2","Chub","Adult","Depth","J01-080"
"3",34.3765840218309,34.3765376069382,34.3766406739951,"Hydraulic_limit1","Chub","Adult","Depth","J01-080"
"4",57.4414905834899,57.4436698530079,57.4390152834795,"Hydraulic_limit2","Chub","Adult","Depth","J01-080"
