"","V1","V2","V3","Type","Species","Life_Stage","Hydraulic","Node"
"1",0.00928973746064627,0.964257397143545,0.162186054941229,"Q_limit1","Chub","Adult","Velocity","J07-010"
"2",0.697523898727425,3.74636752135278,1.5739625735839,"Q_limit2","Chub","Adult","Velocity","J07-010"
"3",0.184930313820253,0.184930278780562,0.184930288595256,"Hydraulic_limit1","Chub","Adult","Velocity","J07-010"
"4",0.794692348809491,0.794729290441888,0.7946929927719,"Hydraulic_limit2","Chub","Adult","Velocity","J07-010"
