"","V1","V2","V3","Type","Species","Life_Stage","Hydraulic","Node"
"1",4.94097182651246,3.14555245401724,7.22972096897066,"Q_limit1","Chub","Adult","Depth","J01-100"
"2",20.6847217561866,17.002731008234,24.9191260036453,"Q_limit2","Chub","Adult","Depth","J01-100"
"3",27.9587471527009,27.9585542776871,27.9587463988736,"Hydraulic_limit1","Chub","Adult","Depth","J01-100"
"4",63.8661093192525,63.8702895789902,63.9029466545548,"Hydraulic_limit2","Chub","Adult","Depth","J01-100"
