"","V1","V2","V3","Type","Species","Life_Stage","Hydraulic","Node"
"1",0.130753752472982,0.0108311426089358,0.685655465817952,"Q_limit1","Chub","Adult","Velocity","J01-031"
"2",0.691307904008295,0.296727975445205,2.04191145743506,"Q_limit2","Chub","Adult","Velocity","J01-031"
"3",0.293928094476125,0.293928087679113,0.293928658719451,"Hydraulic_limit1","Chub","Adult","Velocity","J01-031"
"4",0.685694496874774,0.685694551344665,0.68569426415345,"Hydraulic_limit2","Chub","Adult","Velocity","J01-031"
