"","V1","V2","V3","Type","Species","Life_Stage","Hydraulic","Node"
"1",5.01501697536793,0.0694495744659343,3.0348578698532,"Q_limit1","Chub","Adult","Velocity","J01-041"
"2",16.2021631495434,0.850238004029157,5.45580143991324,"Q_limit2","Chub","Adult","Velocity","J01-041"
"3",0.293928858419576,0.293928087286335,0.293928560879108,"Hydraulic_limit1","Chub","Adult","Velocity","J01-041"
"4",0.685694208386073,0.685694551476983,0.685694483836453,"Hydraulic_limit2","Chub","Adult","Velocity","J01-041"
