"","V1","V2","V3","Type","Species","Life_Stage","Hydraulic","Node"
"1",34.0722790755269,3.66526243561312,44.2164971979627,"Q_limit1","Chub","Adult","Depth","J01-091"
"2",71.2376147943626,19.5206004563513,85.7236196166712,"Q_limit2","Chub","Adult","Depth","J01-091"
"3",27.955866698511,27.9587476180594,27.9510699617216,"Hydraulic_limit1","Chub","Adult","Depth","J01-091"
"4",64.0216678672482,63.8616858759695,64.1181810682967,"Hydraulic_limit2","Chub","Adult","Depth","J01-091"
