"","V1","V2","V3","V4","V5","Type","Species","Life_Stage","Hydraulic","Node"
"1",6.76162684856337,0.100132113580262,0.191358275728712,0.0178787861490236,5.88498341261657,"Q_limit1","Chub","Adult","Velocity","J01-040"
"2",35.606689756103,3.59841610356305,2.86532585168375,3.75944920133916,28.3030932841157,"Q_limit2","Chub","Adult","Velocity","J01-040"
"3",0.18493007779501,0.184930313820099,0.184930313575733,0.184930313797485,0.184930311549861,"Hydraulic_limit1","Chub","Adult","Velocity","J01-040"
"4",0.794693755100785,0.794692348967471,0.79469248792014,0.794692365959817,0.794693286296028,"Hydraulic_limit2","Chub","Adult","Velocity","J01-040"
