"","V1","V2","V3","V4","Type","Species","Life_Stage","Hydraulic","Node"
"1",0.586447587706449,0.744588728688083,0.118997766658085,1.44040285970301,"Q_limit1","Chub","Adult","Velocity","J04-010"
"2",7.13576058351003,4.41618025430879,2.8603557572668,6.71322144678955,"Q_limit2","Chub","Adult","Velocity","J04-010"
"3",0.29392808800337,0.293928133931841,0.29392808729291,0.29392816479421,"Hydraulic_limit1","Chub","Adult","Velocity","J04-010"
"4",0.685694383563883,0.685694539702621,0.685694548903993,0.685694544041216,"Hydraulic_limit2","Chub","Adult","Velocity","J04-010"
