"","V1","V2","V3","Type","Species","Life_Stage","Hydraulic","Node"
"1",2.66290474353879,1.60620294182825,4.60669345096628,"Q_limit1","Chub","Adult","Depth","J01-031"
"2",7.65475598120659,5.6459786944509,9.88543025805033,"Q_limit2","Chub","Adult","Depth","J01-031"
"3",34.3771159556397,34.3771147638043,34.3841185378042,"Hydraulic_limit1","Chub","Adult","Depth","J01-031"
"4",57.6630339849343,57.4415312471559,54.1350498427452,"Hydraulic_limit2","Chub","Adult","Depth","J01-031"
