"","V1","V2","V3","Type","Species","Life_Stage","Hydraulic","Node"
"1",1.46679374343135,0.0306849408429393,0.432509814933964,"Q_limit1","Chub","Adult","Velocity","J01-061"
"2",10.423745901809,1.49232709784989,9.04237596047552,"Q_limit2","Chub","Adult","Velocity","J01-061"
"3",0.184930307195803,0.18493031370492,0.184930310865982,"Hydraulic_limit1","Chub","Adult","Velocity","J01-061"
"4",0.794692784818238,0.794692385354317,0.794692522501247,"Hydraulic_limit2","Chub","Adult","Velocity","J01-061"
