"","V1","V2","V3","V4","V5","Type","Species","Life_Stage","Hydraulic","Node"
"1",8.07820268021634,0.302631468549657,0.360036605390291,0.0939239210449263,8.02252822669893,"Q_limit1","Chub","Adult","Velocity","J01-040"
"2",29.0201664672589,2.15671350633167,2.01903723069233,2.24212828597899,22.0732303004526,"Q_limit2","Chub","Adult","Velocity","J01-040"
"3",0.293928106112065,0.293928088650002,0.293928088440259,0.293928087286168,0.29392832461673,"Hydraulic_limit1","Chub","Adult","Velocity","J01-040"
"4",0.685693740965912,0.685694541864653,0.685694554016958,0.685694552399618,0.685694341564517,"Hydraulic_limit2","Chub","Adult","Velocity","J01-040"
