"","V1","V2","V3","V4","V5","Type","Species","Life_Stage","Hydraulic","Node"
"1",0.565668154025201,0.200250940699168,0.0740759355510957,0.156287243185931,4.03157248055408,"Q_limit1","Chub","Adult","Velocity","J01-030"
"2",3.19535963372383,0.721513031338021,0.0740759355510957,0.575598020640598,5.18252891146086,"Q_limit2","Chub","Adult","Velocity","J01-030"
"3",0.184930313030389,0.184930212756951,0.79469233467664,0.184930173992345,0.184927861466624,"Hydraulic_limit1","Chub","Adult","Velocity","J01-030"
"4",0.79469476773649,0.794692327271781,0.79469233467664,0.794692327004276,0.795122282618452,"Hydraulic_limit2","Chub","Adult","Velocity","J01-030"
