"","V1","V2","V3","Type","Species","Life_Stage","Hydraulic","Node"
"1",0.505631036504707,0.0129534149737397,0.5656816812779,"Q_limit1","Chub","Adult","Velocity","J03-010"
"2",2.81673319803147,0.465618166672296,3.0273619593571,"Q_limit2","Chub","Adult","Velocity","J03-010"
"3",0.293928117706152,0.293928087286198,0.293928087709305,"Hydraulic_limit1","Chub","Adult","Velocity","J03-010"
"4",0.685694485757249,0.685694552879033,0.685694452329875,"Hydraulic_limit2","Chub","Adult","Velocity","J03-010"
