"","V1","V2","V3","Type","Species","Life_Stage","Hydraulic","Node"
"1",1.85685793666392,0.106299222830438,0.674840317483728,"Q_limit1","Chub","Adult","Velocity","J01-061"
"2",9.06574814803442,0.987422378663307,7.92640387921063,"Q_limit2","Chub","Adult","Velocity","J01-061"
"3",0.293928385122606,0.293928087375407,0.293928117766621,"Hydraulic_limit1","Chub","Adult","Velocity","J01-061"
"4",0.685687692097461,0.685694266652399,0.685693641940927,"Hydraulic_limit2","Chub","Adult","Velocity","J01-061"
