"","V1","V2","V3","Type","Species","Life_Stage","Hydraulic","Node"
"1",0.156751783597905,0.251568962129151,0.652338514169254,"Q_limit1","Chub","Adult","Velocity","J01-100"
"2",0.828849077010303,0.251568962129151,2.46336369928703,"Q_limit2","Chub","Adult","Velocity","J01-100"
"3",0.18492981331881,0.794692334936152,0.184923565231774,"Hydraulic_limit1","Chub","Adult","Velocity","J01-100"
"4",0.794692439996271,0.794692334936152,0.794692338965298,"Hydraulic_limit2","Chub","Adult","Velocity","J01-100"
