"","V1","V2","V3","Type","Species","Life_Stage","Hydraulic","Node"
"1",0.42554415421072,0.328770923632538,0.789559241365182,"Q_limit1","Chub","Adult","Velocity","J01-060"
"2",2.85722458628504,0.469329926902008,2.36858894775773,"Q_limit2","Chub","Adult","Velocity","J01-060"
"3",0.184930313643861,0.79469232648283,0.184930200935631,"Hydraulic_limit1","Chub","Adult","Velocity","J01-060"
"4",0.794692780383509,0.79469232648283,0.794692343906312,"Hydraulic_limit2","Chub","Adult","Velocity","J01-060"
