"","V1","V2","V3","Type","Species","Life_Stage","Hydraulic","Node"
"1",1.13617521338425,0.0036371025636522,0.00113851545254683,"Q_limit1","Chub","Adult","Velocity","L02-050"
"2",2.84925054361652,0.252433576045493,1.66911147482306,"Q_limit2","Chub","Adult","Velocity","L02-050"
"3",0.184005887962556,0.18493031346471,0.184930305971238,"Hydraulic_limit1","Chub","Adult","Velocity","L02-050"
"4",0.796882776871334,0.794692615004581,0.794692947208519,"Hydraulic_limit2","Chub","Adult","Velocity","L02-050"
