"","V1","V2","V3","V4","V5","V6","Type","Species","Life_Stage","Hydraulic","Node"
"1",NA,0.463536116712941,NA,2.91590337103574,8.48298204489371,0.059477692702491,"Q_limit1","Chub","Adult","Velocity","L02-022"
"2",NA,9.0283979296732,NA,6.8951230122816,15.356635244519,2.02110340491015,"Q_limit2","Chub","Adult","Velocity","L02-022"
"3",NA,0.293928127604735,NA,0.293936078292058,0.29394286152634,0.293928087383129,"Hydraulic_limit1","Chub","Adult","Velocity","L02-022"
"4",NA,0.685694435791458,NA,0.685657687002529,0.29394286152634,0.685693916382464,"Hydraulic_limit2","Chub","Adult","Velocity","L02-022"
