"","V1","V2","V3","Type","Species","Life_Stage","Hydraulic","Node"
"1",1.60777236539416,0.254160871522383,0.0777359655672745,"Q_limit1","Chub","Adult","Velocity","L01-080"
"2",2.63062841975516,0.740562354707681,0.0777359655672745,"Q_limit2","Chub","Adult","Velocity","L01-080"
"3",0.184818526003263,0.184915867398,0.794693567186423,"Hydraulic_limit1","Chub","Adult","Velocity","L01-080"
"4",0.795945936437717,0.794832235458954,0.794693567186423,"Hydraulic_limit2","Chub","Adult","Velocity","L01-080"
