"","V1","V2","V3","Type","Species","Life_Stage","Hydraulic","Node"
"1",1.49157386444758,10.575494648254,22.895593056108,"Q_limit1","Chub","Adult","Depth","L02-020"
"2",4.9631443093529,20.848577170662,22.895593056108,"Q_limit2","Chub","Adult","Depth","L02-020"
"3",34.3766000302577,34.3781339366109,34.8434538360763,"Hydraulic_limit1","Chub","Adult","Depth","L02-020"
"4",57.4377006788259,56.3176864113445,34.8434538360763,"Hydraulic_limit2","Chub","Adult","Depth","L02-020"
