"","V1","V2","V3","V4","Type","Species","Life_Stage","Hydraulic","Node"
"1",6.61838289358145,0.641538771174796,6.18299874071225,0.00171624647816883,"Q_limit1","Chub","Adult","Velocity","L02-040"
"2",6.61838289358145,1.92980848899072,6.18299874071225,0.198181161391038,"Q_limit2","Chub","Adult","Velocity","L02-040"
"3",0.184839891651374,0.184914552486529,0.183996134332518,0.184930249894756,"Hydraulic_limit1","Chub","Adult","Velocity","L02-040"
"4",0.184839891651374,0.79473096383341,0.183996134332518,0.794693175659157,"Hydraulic_limit2","Chub","Adult","Velocity","L02-040"
