"","V1","V2","V3","V4","Type","Species","Life_Stage","Hydraulic","Node"
"1",0.496186275725041,0.000256000229165113,NA,0.00430582503648571,"Q_limit1","Chub","Adult","Velocity","L02-031"
"2",2.63602436524327,0.626267050384698,NA,0.588773843096653,"Q_limit2","Chub","Adult","Velocity","L02-031"
"3",0.184837368088513,0.18493031365404,NA,0.18493030979414,"Hydraulic_limit1","Chub","Adult","Velocity","L02-031"
"4",0.794705623975363,0.794696531950398,NA,0.794693246900069,"Hydraulic_limit2","Chub","Adult","Velocity","L02-031"
