"","V1","V2","V3","Type","Species","Life_Stage","Hydraulic","Node"
"1",16.4030847096859,8.91881519254442,10.8546244760456,"Q_limit1","Chub","Adult","Depth","L02-010"
"2",41.940865774565,29.0278618149482,32.5986535985121,"Q_limit2","Chub","Adult","Depth","L02-010"
"3",34.3817933067911,34.3777611397543,34.3776174278821,"Hydraulic_limit1","Chub","Adult","Depth","L02-010"
"4",57.3457009047235,57.437892043103,57.4324222426205,"Hydraulic_limit2","Chub","Adult","Depth","L02-010"
