"","V1","V2","V3","V4","V5","V6","Type","Species","Life_Stage","Hydraulic","Node"
"1",NA,0.208058111379296,NA,2.38789238243921,6.17581587226306,0.00157168204848732,"Q_limit1","Chub","Adult","Velocity","L02-022"
"2",NA,10.9009087468532,NA,9.58803298911808,6.17581587226306,4.79461321694555,"Q_limit2","Chub","Adult","Velocity","L02-022"
"3",NA,0.184930124001987,NA,0.184930229440649,0.184894366734934,0.184930287105696,"Hydraulic_limit1","Chub","Adult","Velocity","L02-022"
"4",NA,0.79476046615888,NA,0.794720937109741,0.184894366734934,0.794698070521898,"Hydraulic_limit2","Chub","Adult","Velocity","L02-022"
