"","V1","V2","V3","V4","V5","V6","Type","Species","Life_Stage","Hydraulic","Node"
"1",NA,8.03737016985715,NA,20.06379948223,NA,2.98897317127369,"Q_limit1","Chub","Adult","Depth","L02-022"
"2",NA,8.03737016985715,NA,20.06379948223,NA,2.98897317127369,"Q_limit2","Chub","Adult","Depth","L02-022"
"3",NA,27.9583248517998,NA,27.8495283586156,NA,27.9587427344909,"Hydraulic_limit1","Chub","Adult","Depth","L02-022"
"4",NA,27.9583248517998,NA,27.8495283586156,NA,27.9587427344909,"Hydraulic_limit2","Chub","Adult","Depth","L02-022"
