"","V1","V2","V3","V4","Type","Species","Life_Stage","Hydraulic","Node"
"1",0.585264224888554,0.00149328992760963,NA,0.0104859554217684,"Q_limit1","Chub","Adult","Velocity","L02-031"
"2",2.30053454406583,0.484509995443856,NA,0.173879735637137,"Q_limit2","Chub","Adult","Velocity","L02-031"
"3",0.293928099494437,0.293928152529519,NA,0.293928178271766,"Hydraulic_limit1","Chub","Adult","Velocity","L02-031"
"4",0.685692950443234,0.685694156538985,NA,0.685694451491356,"Hydraulic_limit2","Chub","Adult","Velocity","L02-031"
