"","V1","V2","V3","Type","Species","Life_Stage","Hydraulic","Node"
"1",11.4731642171308,5.52782887287223,7.01326864244236,"Q_limit1","Chub","Adult","Depth","L02-010"
"2",11.4731642171308,36.8111993805936,40.9427073382061,"Q_limit2","Chub","Adult","Depth","L02-010"
"3",27.9583566549101,27.9587511204895,27.95843140225,"Hydraulic_limit1","Chub","Adult","Depth","L02-010"
"4",27.9583566549101,63.8621806699064,63.9123851222532,"Hydraulic_limit2","Chub","Adult","Depth","L02-010"
