"","V1","V2","V3","Type","Species","Life_Stage","Hydraulic","Node"
"1",1.68681470553067,0.320891684186961,0.000343586530015732,"Q_limit1","Chub","Adult","Velocity","L01-080"
"2",2.15398305082211,0.576805425491676,0.0580897853017376,"Q_limit2","Chub","Adult","Velocity","L01-080"
"3",0.295669632742309,0.293930269246555,0.293928114297924,"Hydraulic_limit1","Chub","Adult","Velocity","L01-080"
"4",0.685489380747767,0.685245206752031,0.685685877921227,"Hydraulic_limit2","Chub","Adult","Velocity","L01-080"
