"","V1","V2","V3","V4","V5","Type","Species","Life_Stage","Hydraulic","Node"
"1",18.4493613985468,1.89309269110712,1.9018763518751,1.60622237353426,14.9843839591904,"Q_limit1","Toad","Tadpole","Depth","J01-040"
"2",18.4493613985468,1.89309269110712,1.9018763518751,1.60622237353426,14.9843839591904,"Q_limit2","Toad","Tadpole","Depth","J01-040"
"3",30,30,30,30,30,"Hydraulic_limit1","Toad","Tadpole","Depth","J01-040"
"4",30,30,30,30,30,"Hydraulic_limit2","Toad","Tadpole","Depth","J01-040"
