"","V1","V2","V3","V4","V5","Type","Species","Life_Stage","Hydraulic","Node"
"1",13.5840763165278,0.549606737414275,0.626408852627216,0.353159205229465,10.2179151864438,"Q_limit1","Toad","Tadpole","Velocity","J01-040"
"2",13.5840763165278,0.549606737414275,0.626408852627216,0.353159205229465,10.2179151864438,"Q_limit2","Toad","Tadpole","Velocity","J01-040"
"3",0.4,0.4,0.4,0.4,0.4,"Hydraulic_limit1","Toad","Tadpole","Velocity","J01-040"
"4",0.4,0.4,0.4,0.4,0.4,"Hydraulic_limit2","Toad","Tadpole","Velocity","J01-040"
