"","V1","V2","V3","V4","V5","V6","Type","Species","Life_Stage","Hydraulic","Node"
"1",24.0296402641676,24.0296402641676,24.0296402641676,24.0296402641676,24.0296402641676,19.7555390180564,"Q_limit1","Toad","Tadpole","Depth","L02-022"
"2",24.0296402641676,24.0296402641676,24.0296402641676,24.0296402641676,24.0296402641676,19.7555390180564,"Q_limit2","Toad","Tadpole","Depth","L02-022"
"3",30,30,30,30,30,30,"Hydraulic_limit1","Toad","Tadpole","Depth","L02-022"
"4",30,30,30,30,30,30,"Hydraulic_limit2","Toad","Tadpole","Depth","L02-022"
