"","X","slice1","slice2","slice3","slice4","Species","Life_Stage","Hydraulic"
"1",1,21.539309497032,7.0384841149087,1.16745993332485,1.99598853162839,"Willow","Seedling","Shear Stress"
"2",2,NA,NA,NA,2.34326145421893,"Willow","Seedling","Shear Stress"
"3",3,NA,NA,NA,2.40382384341358,"Willow","Seedling","Shear Stress"
"4",1,12.4043301199317,4.98050574917258,0.603160185210705,1.85924697550676,"Willow","Seedling","Depth"
"5",1,5.03569218009042,1.29259047263412,0.539646635629432,0.164751626779966,"Arroyo Chub","Adult","Velocity"
"6",2,19.3674469142055,5.36734237066309,NA,1.32165332871576,"Arroyo Chub","Adult","Velocity"
"7",1,5.35193249881285,1.4246305226256,0.019809624,0.248087146532792,"Willow","Germination","Depth"
