"","V1","V2","V3","V4","V5","Species","Life_Stage","Hydraulic","Node"
"1",59.478716840834,59.478716840834,59.478716840834,59.478716840834,59.478716840834,"Willow","Adult","StreamPower","J01-030"
