"","V1","V2","V3","V4","V5","Species","Life_Stage","Hydraulic","Node"
"1",1.66220524180951,0.651819041652723,0.0550863991763732,0.508231596726985,39.0211835564126,"Willow","Adult","Depth","J01-030"
