"","V1","V2","V3","V4","V5","Species","Life_Stage","Hydraulic","Node"
"1",6.39943644467133,0.102483313617515,0.211165588070227,0.0167856729553388,5.78265615598626,"Willow","Adult","Depth","J01-040"
