"","V1","V2","V3","V4","Species","Life_Stage","Hydraulic","Node"
"1",5.3877956582008,2.45053913458379,0.0477251143261674,0.328171828757574,"Willow","Adult","Depth","J01-020"
