"","V1","V2","V3","V4","Species","Life_Stage","Hydraulic","Node"
"1",0.0955623114998778,0.335106297730956,0.0133389945791467,0.50085498888845,"Willow","Adult","Depth","J04-010"
