"","V1","V2","V3","V4","V5","Type","Species","Life_Stage","Hydraulic","Node"
"1",190.154631055368,190.154631055368,190.154631055368,190.154631055368,190.154631055368,"Q_limit1","Willow","Adult","StreamPower","J01-040"
"2",190.154631055368,190.154631055368,190.154631055368,190.154631055368,190.154631055368,"Q_limit2","Willow","Adult","StreamPower","J01-040"
"3",4000,4000,4000,4000,4000,"Hydraulic_limit1","Willow","Adult","StreamPower","J01-040"
"4",4000,4000,4000,4000,4000,"Hydraulic_limit2","Willow","Adult","StreamPower","J01-040"
