"","V1","V2","V3","V4","Species","Life_Stage","Hydraulic","Node"
"1",0.0381049897016892,0.375318746546353,7.50596577409086,7.4239400244783,"Willow","Germination","Depth","J05-010"
