"","V1","V2","V3","V4","V5","Species","Life_Stage","Hydraulic","Node"
"1",190.154631055368,190.154631055368,190.154631055368,190.154631055368,190.154631055368,"Willow","Adult","StreamPower","J01-040"
