"","V1","V2","V3","V4","V5","V6","Species","Life_Stage","Hydraulic","Node"
"1",24.0296402641676,24.0296402641676,24.0296402641676,24.0296402641676,24.0296402641676,24.0296402641676,"Willow","Adult","StreamPower","L02-022"
