"","slice1","slice2","slice3","slice4"
"1",21.539309497032,7.0384841149087,1.16745993332485,1.99598853162839
"2",NA,NA,NA,2.34326145421893
"3",NA,NA,NA,2.40382384341358
