"","slice1","slice2","slice3","slice4"
"thresh_1",21.3146448958324,6.7017190390488,1.02434028635062,38.1492766030099
"thresh_2",73.14141301,73.14141301,73.14141301,73.14141301
