"","slice1","slice2","slice3","slice4"
"1",5.35193249881285,1.4246305226256,0.019809624,0.248087146532792
