"","V1","V2","V3","Type","Species","Life_Stage","Hydraulic","Node"
"1",15.0841453212361,0.0112646136940707,21.1034051510692,"Q_limit1","Willow","Seedling","Shear Stress","J01-091"
"2",15.0841453212361,0.0112646136940707,21.1034051510692,"Q_limit2","Willow","Seedling","Shear Stress","J01-091"
"3",0.533455392809609,5.11253389942207,0.533455392809608,"Hydraulic_limit1","Willow","Seedling","Shear Stress","J01-091"
"4",0.533455392809609,5.11253389942207,0.533455392809608,"Hydraulic_limit2","Willow","Seedling","Shear Stress","J01-091"
