"","V1","V2","V3","V4","Type","Species","Life_Stage","Hydraulic","Node"
"1",3.41569924022957,2.95186334832263,1.62426321579653,4.76409005327907,"Q_limit1","Willow","Seedling","Depth","J04-010"
"2",3.41569924022957,2.95186334832263,1.62426321579653,4.76409005327907,"Q_limit2","Willow","Seedling","Depth","J04-010"
"3",27.5199592094216,27.5199614896636,27.5199608812813,27.5199612363357,"Hydraulic_limit1","Willow","Seedling","Depth","J04-010"
"4",27.5199592094216,27.5199614896636,27.5199608812813,27.5199612363357,"Hydraulic_limit2","Willow","Seedling","Depth","J04-010"
