"","V1","V2","V3","Type","Species","Life_Stage","Hydraulic","Node"
"1",1.30272344349724,0.773217109573861,3.54247402649308,"Q_limit1","Willow","Seedling","Depth","J01-031"
"2",1.30272344349724,0.773217109573861,3.54247402649308,"Q_limit2","Willow","Seedling","Depth","J01-031"
"3",18.4010105078262,18.4014818409895,18.3999618125945,"Hydraulic_limit1","Willow","Seedling","Depth","J01-031"
"4",18.4010105078262,18.4014818409895,18.3999618125945,"Hydraulic_limit2","Willow","Seedling","Depth","J01-031"
