"","V1","V2","V3","Type","Species","Life_Stage","Hydraulic","Node"
"1",5.01620802624681,0.990957035525505,1.73965634907573,"Q_limit1","Willow","Seedling","Depth","J01-061"
"2",5.01620802624681,0.990957035525505,1.73965634907573,"Q_limit2","Willow","Seedling","Depth","J01-061"
"3",27.5198911100978,27.519949557987,27.5199529437058,"Hydraulic_limit1","Willow","Seedling","Depth","J01-061"
"4",27.5198911100978,27.519949557987,27.5199529437058,"Hydraulic_limit2","Willow","Seedling","Depth","J01-061"
