"","V1","V2","V3","Type","Species","Life_Stage","Hydraulic","Node"
"1",2.65797710148069,7.14080592335644,3.74092988508063,"Q_limit1","Willow","Seedling","Depth","J07-010"
"2",2.65797710148069,7.14080592335644,3.74092988508063,"Q_limit2","Willow","Seedling","Depth","J07-010"
"3",18.4014696032499,18.3993526819411,18.4011309064888,"Hydraulic_limit1","Willow","Seedling","Depth","J07-010"
"4",18.4014696032499,18.3993526819411,18.4011309064888,"Hydraulic_limit2","Willow","Seedling","Depth","J07-010"
