"","V1","V2","V3","Type","Species","Life_Stage","Hydraulic","Node"
"1",4.24627006984338,0.0143936309006334,4.02902356066516,"Q_limit1","Willow","Seedling","Shear Stress","J01-080"
"2",4.24627006984338,0.0143936309006334,4.02902356066516,"Q_limit2","Willow","Seedling","Shear Stress","J01-080"
"3",0.53345539280961,2.02784296650673,0.533455392809607,"Hydraulic_limit1","Willow","Seedling","Shear Stress","J01-080"
"4",0.53345539280961,2.02784296650673,0.533455392809607,"Hydraulic_limit2","Willow","Seedling","Shear Stress","J01-080"
