"","V1","V2","V3","Type","Species","Life_Stage","Hydraulic","Node"
"1",91.8886220114287,0.0112646136940707,91.8886220114287,"Q_limit1","Willow","Seedling","Shear Stress","J01-091"
"2",91.8886220114287,0.0112646136940707,91.8886220114287,"Q_limit2","Willow","Seedling","Shear Stress","J01-091"
"3",102.052256547074,5.11253389942207,144.38786932366,"Hydraulic_limit1","Willow","Seedling","Shear Stress","J01-091"
"4",102.052256547074,5.11253389942207,144.38786932366,"Hydraulic_limit2","Willow","Seedling","Shear Stress","J01-091"
