"","V1","V2","V3","V4","Type","Species","Life_Stage","Hydraulic","Node"
"1",397.724158537096,397.724158537096,397.724158537096,397.724158537096,"Q_limit1","Willow","Seedling","Shear Stress","J01-020"
"2",397.724158537096,397.724158537096,397.724158537096,397.724158537096,"Q_limit2","Willow","Seedling","Shear Stress","J01-020"
"3",68.580082776526,162.766679863029,187.424346640506,109.280630441821,"Hydraulic_limit1","Willow","Seedling","Shear Stress","J01-020"
"4",68.580082776526,162.766679863029,187.424346640506,109.280630441821,"Hydraulic_limit2","Willow","Seedling","Shear Stress","J01-020"
