"","V1","V2","V3","Type","Species","Life_Stage","Hydraulic","Node"
"1",3.67964152767994,1.22339063680905,6.09601941766032,"Q_limit1","Willow","Seedling","Depth","J03-010"
"2",3.67964152767994,1.22339063680905,6.90214722599138,"Q_limit2","Willow","Seedling","Depth","J03-010"
"3",27.5199614296744,27.5199619372055,27.5199617426548,"Hydraulic_limit1","Willow","Seedling","Depth","J03-010"
"4",27.5199614296744,27.5199619372055,27.5199617426548,"Hydraulic_limit2","Willow","Seedling","Depth","J03-010"
