"","V1","V2","V3","V4","V5","Species","Life_Stage","Hydraulic","Node"
"1",16.5556823624386,1.65703694795983,1.6651946426913,1.38721458925778,13.5925394869873,"Willow","Seedling","Depth","J01-040"
