"","V1","V2","V3","V4","V5","Type","Species","Life_Stage","Hydraulic","Node"
"1",2.20673646393189,0.709204481080731,0.0702749938962039,0.354876636789068,4.68682725197652,"Q_limit1","Willow","Seedling","Shear Stress","J01-030"
"2",2.20673646393189,0.709204481080731,0.0702749938962039,0.354876636789068,4.68682725197652,"Q_limit2","Willow","Seedling","Shear Stress","J01-030"
"3",21.6303262316911,21.6303262316911,21.6303262316911,21.6303262316911,21.6303262316911,"Hydraulic_limit1","Willow","Seedling","Shear Stress","J01-030"
"4",21.6303262316911,21.6303262316911,21.6303262316911,21.6303262316911,21.6303262316911,"Hydraulic_limit2","Willow","Seedling","Shear Stress","J01-030"
