"","V1","V2","V3","V4","Type","Species","Life_Stage","Hydraulic","Node"
"1",23.5611193157567,8.88470103269993,1.71814701865934,3.43423491666142,"Q_limit1","Willow","Seedling","Depth","J01-020"
"2",23.5611193157567,8.88470103269993,1.71814701865934,3.43423491666142,"Q_limit2","Willow","Seedling","Depth","J01-020"
"3",27.5199557070531,27.519961098467,27.5199620017415,27.5199620991992,"Hydraulic_limit1","Willow","Seedling","Depth","J01-020"
"4",27.5199557070531,27.519961098467,27.5199620017415,27.5199620991992,"Hydraulic_limit2","Willow","Seedling","Depth","J01-020"
