"","V1","V2","V3","V4","V5","Type","Species","Life_Stage","Hydraulic","Node"
"1",16.5556823624386,1.65703694795983,1.6651946426913,1.38721458925778,13.5925394869873,"Q_limit1","Willow","Seedling","Depth","J01-040"
"2",16.5556823624386,1.65703694795983,1.6651946426913,1.38721458925778,13.5925394869873,"Q_limit2","Willow","Seedling","Depth","J01-040"
"3",27.5199039374545,27.5199613430325,27.5199580134027,27.519962139689,27.5199525053305,"Hydraulic_limit1","Willow","Seedling","Depth","J01-040"
"4",27.5199039374545,27.5199613430325,27.5199580134027,27.519962139689,27.5199525053305,"Hydraulic_limit2","Willow","Seedling","Depth","J01-040"
