"","V1","V2","V3","Type","Species","Life_Stage","Hydraulic","Node"
"1",0.00304194443153984,31.2587256458642,31.2587256458642,"Q_limit1","Willow","Seedling","Shear Stress","J07-010"
"2",0.00304194443153984,31.2587256458642,31.2587256458642,"Q_limit2","Willow","Seedling","Shear Stress","J07-010"
"3",1.80695269985066,116.443664859607,97.6783953039299,"Hydraulic_limit1","Willow","Seedling","Shear Stress","J07-010"
"4",1.80695269985066,116.443664859607,97.6783953039299,"Hydraulic_limit2","Willow","Seedling","Shear Stress","J07-010"
