"","V1","V2","V3","V4","Type","Species","Life_Stage","Hydraulic","Node"
"1",1.48115890692123,3.85688262032397,38.0768219347184,38.0768219347184,"Q_limit1","Willow","Seedling","Depth","J05-010"
"2",1.48115890692123,3.85688262032397,38.0768219347184,38.0768219347184,"Q_limit2","Willow","Seedling","Depth","J05-010"
"3",27.5199596837413,27.5199215230083,10.061184833257,15.8987612903226,"Hydraulic_limit1","Willow","Seedling","Depth","J05-010"
"4",27.5199596837413,27.5199215230083,10.061184833257,15.8987612903226,"Hydraulic_limit2","Willow","Seedling","Depth","J05-010"
