"","V1","V2","V3","Type","Species","Life_Stage","Hydraulic","Node"
"1",43.4506290360388,43.4506290360388,43.4506290360388,"Q_limit1","Willow","Seedling","Shear Stress","J01-061"
"2",43.4506290360388,43.4506290360388,43.4506290360388,"Q_limit2","Willow","Seedling","Shear Stress","J01-061"
"3",19.9467113101122,57.5387119524554,20.1941419591392,"Hydraulic_limit1","Willow","Seedling","Shear Stress","J01-061"
"4",19.9467113101122,57.5387119524554,20.1941419591392,"Hydraulic_limit2","Willow","Seedling","Shear Stress","J01-061"
