"","V1","V2","V3","Type","Species","Life_Stage","Hydraulic","Node"
"1",1.32338264510054,0.69774964096784,3.10082723321522,"Q_limit1","Willow","Seedling","Shear Stress","J01-031"
"2",1.32338264510054,0.69774964096784,3.10082723321522,"Q_limit2","Willow","Seedling","Shear Stress","J01-031"
"3",21.6303262316911,21.6303262316911,21.6303262316911,"Hydraulic_limit1","Willow","Seedling","Shear Stress","J01-031"
"4",21.6303262316911,21.6303262316911,21.6303262316911,"Hydraulic_limit2","Willow","Seedling","Shear Stress","J01-031"
