"","V1","V2","V3","V4","Species","Life_Stage","Hydraulic","Node"
"1",3.41569924022957,2.95186334832263,1.62426321579653,4.76409005327907,"Willow","Seedling","Depth","J04-010"
