"","V1","V2","V3","Type","Species","Life_Stage","Hydraulic","Node"
"1",1.12102795687686,4.65136482924526,2.24771483282315,"Q_limit1","Willow","Seedling","Shear Stress","J07-010"
"2",1.12102795687686,4.65136482924526,2.24771483282315,"Q_limit2","Willow","Seedling","Shear Stress","J07-010"
"3",21.6303262316911,21.6303262316911,21.6303262316911,"Hydraulic_limit1","Willow","Seedling","Shear Stress","J07-010"
"4",21.6303262316911,21.6303262316911,21.6303262316911,"Hydraulic_limit2","Willow","Seedling","Shear Stress","J07-010"
