"","V1","V2","V3","V4","V5","Type","Species","Life_Stage","Hydraulic","Node"
"1",4.9640607671046,2.23379600096004,0.806693283797515,1.98618852550223,8.52004446962168,"Q_limit1","Willow","Seedling","Depth","J01-030"
"2",4.9640607671046,2.23379600096004,0.806693283797515,1.98618852550223,12.6255706843211,"Q_limit2","Willow","Seedling","Depth","J01-030"
"3",18.4014867879673,18.4014862136433,18.4014859791688,18.4014815806087,18.4006107112401,"Hydraulic_limit1","Willow","Seedling","Depth","J01-030"
"4",18.4014867879673,18.4014862136433,18.4014859791688,18.4014815806087,18.4006107112401,"Hydraulic_limit2","Willow","Seedling","Depth","J01-030"
