"","V1","V2","V3","Type","Species","Life_Stage","Hydraulic","Node"
"1",3.13637201181114,1.99463604924904,7.26295694169395,"Q_limit1","Willow","Seedling","Depth","J01-100"
"2",4.09265501394322,1.99463604924904,9.45853615048594,"Q_limit2","Willow","Seedling","Depth","J01-100"
"3",18.4012818756089,18.4014723865802,18.401051343107,"Hydraulic_limit1","Willow","Seedling","Depth","J01-100"
"4",18.4012818756089,18.4014723865802,18.401051343107,"Hydraulic_limit2","Willow","Seedling","Depth","J01-100"
