"","V1","V2","V3","Type","Species","Life_Stage","Hydraulic","Node"
"1",0.367534103940628,0.0487625492288095,0.332703162755898,"Q_limit1","Willow","Seedling","Shear Stress","J01-010"
"2",0.367534103940628,0.0487625492288095,0.332703162755898,"Q_limit2","Willow","Seedling","Shear Stress","J01-010"
"3",0.533455392809609,0.533455392809608,0.533455392809608,"Hydraulic_limit1","Willow","Seedling","Shear Stress","J01-010"
"4",0.533455392809609,0.533455392809608,0.533455392809608,"Hydraulic_limit2","Willow","Seedling","Shear Stress","J01-010"
