"","V1","V2","V3","V4","Type","Species","Life_Stage","Hydraulic","Node"
"1",21.5323001603805,7.03848411570158,1.1674599332314,1.99598853131643,"Q_limit1","Willow","Seedling","Shear Stress","J01-020"
"2",21.5323001603805,7.03848411570158,1.1674599332314,2.40382384361515,"Q_limit2","Willow","Seedling","Shear Stress","J01-020"
"3",21.6303262316911,21.6303262316911,21.6303262316911,21.6303262316911,"Hydraulic_limit1","Willow","Seedling","Shear Stress","J01-020"
"4",21.6303262316911,21.6303262316911,21.6303262316911,21.6303262316911,"Hydraulic_limit2","Willow","Seedling","Shear Stress","J01-020"
