"","V1","V2","V3","V4","V5","Type","Species","Life_Stage","Hydraulic","Node"
"1",8.91960693537179,0.781340810127536,0.918260018607877,0.489960657598197,9.6784754651841,"Q_limit1","Willow","Seedling","Depth","J01-040"
"2",11.5867537071842,0.781340810127536,0.918260018607877,0.489960657598197,11.3969313121181,"Q_limit2","Willow","Seedling","Depth","J01-040"
"3",18.4014843005486,18.4014873994748,18.4014868563409,18.4014871692303,18.4014861511092,"Hydraulic_limit1","Willow","Seedling","Depth","J01-040"
"4",18.4014843005486,18.4014873994748,18.4014868563409,18.4014871692303,18.4014861511092,"Hydraulic_limit2","Willow","Seedling","Depth","J01-040"
