"","V1","V2","V3","V4","V5","Species","Life_Stage","Hydraulic","Node"
"1",7.20382013822175,3.82411036860112,1.87005681483923,3.49999278879307,16.0461055375791,"Willow","Seedling","Depth","J01-030"
