"","V1","V2","V3","Type","Species","Life_Stage","Hydraulic","Node"
"1",187.058033498741,0.0186857836683874,187.058033498741,"Q_limit1","Willow","Seedling","Shear Stress","J01-041"
"2",187.058033498741,0.0186857836683874,187.058033498741,"Q_limit2","Willow","Seedling","Shear Stress","J01-041"
"3",68.8529285712661,1.97024882442655,53.14057345357,"Hydraulic_limit1","Willow","Seedling","Shear Stress","J01-041"
"4",68.8529285712661,1.97024882442655,53.14057345357,"Hydraulic_limit2","Willow","Seedling","Shear Stress","J01-041"
