"","V1","V2","V3","Type","Species","Life_Stage","Hydraulic","Node"
"1",3.92479212152818,1.04680313185584,4.00665014031799,"Q_limit1","Willow","Seedling","Depth","J01-060"
"2",3.92479212152818,1.04680313185584,4.00665014031799,"Q_limit2","Willow","Seedling","Depth","J01-060"
"3",18.4014831181604,18.4014840284418,18.4014801075497,"Hydraulic_limit1","Willow","Seedling","Depth","J01-060"
"4",18.4014831181604,18.4014840284418,18.4014801075497,"Hydraulic_limit2","Willow","Seedling","Depth","J01-060"
