"","V1","V2","V3","Type","Species","Life_Stage","Hydraulic","Node"
"1",3.23132592552077,0.0186857836683874,2.46636753129589,"Q_limit1","Willow","Seedling","Shear Stress","J01-041"
"2",3.23132592552077,0.0186857836683874,2.46636753129589,"Q_limit2","Willow","Seedling","Shear Stress","J01-041"
"3",0.533455392809608,1.97024882442655,0.533455392809609,"Hydraulic_limit1","Willow","Seedling","Shear Stress","J01-041"
"4",0.533455392809608,1.97024882442655,0.533455392809609,"Hydraulic_limit2","Willow","Seedling","Shear Stress","J01-041"
