"","V1","V2","V3","V4","V5","Species","Life_Stage","Hydraulic","Node"
"1",83.0279455297624,12.2511606664388,9.81810835451821,12.6024579158741,67.207883853558,"Willow","Seedling","Shear Stress","J01-040"
