"","V1","V2","V3","Type","Species","Life_Stage","Hydraulic","Node"
"1",1.22659332380635,0.00245735360564058,0.295860846656547,"Q_limit1","Willow","Seedling","Shear Stress","J01-061"
"2",1.22659332380635,0.00820375762993027,0.295860846656547,"Q_limit2","Willow","Seedling","Shear Stress","J01-061"
"3",0.533455392809609,0.533455392809608,0.533455392809609,"Hydraulic_limit1","Willow","Seedling","Shear Stress","J01-061"
"4",0.533455392809609,0.533455392809608,0.533455392809609,"Hydraulic_limit2","Willow","Seedling","Shear Stress","J01-061"
