"","V1","V2","V3","Type","Species","Life_Stage","Hydraulic","Node"
"1",1.67654384637906,0.63647136521911,3.33393441200402,"Q_limit1","Willow","Seedling","Depth","J03-010"
"2",2.5432853813598,0.63647136521911,3.33393441200402,"Q_limit2","Willow","Seedling","Depth","J03-010"
"3",18.4014831039153,18.4014856528717,18.4013965065891,"Hydraulic_limit1","Willow","Seedling","Depth","J03-010"
"4",18.4014831039153,18.4014856528717,18.4013965065891,"Hydraulic_limit2","Willow","Seedling","Depth","J03-010"
