"","V1","V2","V3","V4","V5","Type","Species","Life_Stage","Hydraulic","Node"
"1",5.93214129534598,0.0180089429698336,0.121251742435865,0.0148950629355566,5.32095432428098,"Q_limit1","Willow","Seedling","Shear Stress","J01-040"
"2",5.93214129534598,0.0180089429698336,0.121251742435865,0.0148950629355566,5.32095432428098,"Q_limit2","Willow","Seedling","Shear Stress","J01-040"
"3",0.533455392809607,0.533455392809607,0.53345539280961,1.19734870208514,0.533455392809609,"Hydraulic_limit1","Willow","Seedling","Shear Stress","J01-040"
"4",0.533455392809607,0.533455392809607,0.53345539280961,1.19734870208514,0.533455392809609,"Hydraulic_limit2","Willow","Seedling","Shear Stress","J01-040"
