"","V1","V2","V3","Type","Species","Life_Stage","Hydraulic","Node"
"1",8.26495758579329,3.17354914170405,4.6349139659506,"Q_limit1","Willow","Seedling","Depth","J01-010"
"2",8.26495758579329,3.17354914170405,4.6349139659506,"Q_limit2","Willow","Seedling","Depth","J01-010"
"3",27.5199599652857,27.5199619954032,27.5199614223939,"Hydraulic_limit1","Willow","Seedling","Depth","J01-010"
"4",27.5199599652857,27.5199619954032,27.5199614223939,"Hydraulic_limit2","Willow","Seedling","Depth","J01-010"
