"","V1","V2","V3","Type","Species","Life_Stage","Hydraulic","Node"
"1",29.2873266329814,5.28147871711083,29.696510499418,"Q_limit1","Willow","Seedling","Depth","J01-080"
"2",29.2873266329814,5.28147871711083,29.696510499418,"Q_limit2","Willow","Seedling","Depth","J01-080"
"3",27.519841460358,27.5199568404908,27.5190475376446,"Hydraulic_limit1","Willow","Seedling","Depth","J01-080"
"4",27.519841460358,27.5199568404908,27.5190475376446,"Hydraulic_limit2","Willow","Seedling","Depth","J01-080"
