"","V1","V2","V3","V4","Species","Life_Stage","Hydraulic","Node"
"1",23.5611193157567,8.88470103269993,1.71814701865934,3.43423491666142,"Willow","Seedling","Depth","J01-020"
