"","V1","V2","V3","Type","Species","Life_Stage","Hydraulic","Node"
"1",30.206335777115,0.245974585205899,25.6326663610527,"Q_limit1","Willow","Seedling","Shear Stress","J01-091"
"2",38.9819827741383,0.245974585205899,30.7875231495155,"Q_limit2","Willow","Seedling","Shear Stress","J01-091"
"3",21.6303262316911,21.6303262316911,21.6303262316911,"Hydraulic_limit1","Willow","Seedling","Shear Stress","J01-091"
"4",21.6303262316911,21.6303262316911,21.6303262316911,"Hydraulic_limit2","Willow","Seedling","Shear Stress","J01-091"
