"","V1","V2","V3","V4","V5","Type","Species","Life_Stage","Hydraulic","Node"
"1",7.20382013822175,3.82411036860112,1.87005681483923,3.49999278879307,16.0461055375791,"Q_limit1","Willow","Seedling","Depth","J01-030"
"2",7.20382013822175,3.82411036860112,1.87005681483923,3.49999278879307,16.0461055375791,"Q_limit2","Willow","Seedling","Depth","J01-030"
"3",27.5189379024231,27.5199504336418,27.5199608817782,27.5198843184597,27.5147261108405,"Hydraulic_limit1","Willow","Seedling","Depth","J01-030"
"4",27.5189379024231,27.5199504336418,27.5199608817782,27.5198843184597,27.5147261108405,"Hydraulic_limit2","Willow","Seedling","Depth","J01-030"
