"","V1","V2","V3","Type","Species","Life_Stage","Hydraulic","Node"
"1",2.48238318419235,1.6951179611404,5.97850011404975,"Q_limit1","Willow","Seedling","Depth","J01-031"
"2",2.48238318419235,1.6951179611404,5.97850011404975,"Q_limit2","Willow","Seedling","Depth","J01-031"
"3",27.5193967367985,27.5198914152348,27.4829126085488,"Hydraulic_limit1","Willow","Seedling","Depth","J01-031"
"4",27.5193967367985,27.5198914152348,27.4829126085488,"Hydraulic_limit2","Willow","Seedling","Depth","J01-031"
