"","V1","V2","V3","Type","Species","Life_Stage","Hydraulic","Node"
"1",2.53005064242058,0.518788369147952,1.10777553492957,"Q_limit1","Willow","Seedling","Depth","J01-061"
"2",3.93401141837165,0.518788369147952,2.65313370775978,"Q_limit2","Willow","Seedling","Depth","J01-061"
"3",18.4014855790235,18.4014875410494,18.401483562933,"Hydraulic_limit1","Willow","Seedling","Depth","J01-061"
"4",18.4014855790235,18.4014875410494,18.401483562933,"Hydraulic_limit2","Willow","Seedling","Depth","J01-061"
