"","V1","V2","V3","V4","V5","Type","Species","Life_Stage","Hydraulic","Node"
"1",83.0279455297624,12.2511606664388,9.81810835451821,12.6024579158741,67.207883853558,"Q_limit1","Willow","Seedling","Shear Stress","J01-040"
"2",83.0279455297624,12.2511606664388,9.81810835451821,12.6024579158741,67.207883853558,"Q_limit2","Willow","Seedling","Shear Stress","J01-040"
"3",21.6303262316911,21.6303262316911,21.6303262316911,21.6303262316911,21.6303262316911,"Hydraulic_limit1","Willow","Seedling","Shear Stress","J01-040"
"4",21.6303262316911,21.6303262316911,21.6303262316911,21.6303262316911,21.6303262316911,"Hydraulic_limit2","Willow","Seedling","Shear Stress","J01-040"
