"","V1","V2","V3","Type","Species","Life_Stage","Hydraulic","Node"
"1",26.5386642181832,2.95328825049641,48.8565073173841,"Q_limit1","Willow","Seedling","Depth","J01-091"
"2",46.690650203312,2.95328825049641,48.8565073173841,"Q_limit2","Willow","Seedling","Depth","J01-091"
"3",18.3749536009216,18.4014865366554,18.392813537672,"Hydraulic_limit1","Willow","Seedling","Depth","J01-091"
"4",18.3749536009216,18.4014865366554,18.392813537672,"Hydraulic_limit2","Willow","Seedling","Depth","J01-091"
