"","V1","V2","V3","V4","Type","Species","Life_Stage","Hydraulic","Node"
"1",73.1002984458353,23.7707868798534,20.3731423233913,33.9955993581822,"Q_limit1","Willow","Seedling","Shear Stress","J04-010"
"2",73.1002984458353,23.7707868798534,20.3731423233913,33.9955993581822,"Q_limit2","Willow","Seedling","Shear Stress","J04-010"
"3",21.6303262316911,21.6303262316911,21.6303262316911,21.6303262316911,"Hydraulic_limit1","Willow","Seedling","Shear Stress","J04-010"
"4",21.6303262316911,21.6303262316911,21.6303262316911,21.6303262316911,"Hydraulic_limit2","Willow","Seedling","Shear Stress","J04-010"
