"","V1","V2","V3","V4","Type","Species","Life_Stage","Hydraulic","Node"
"1",2.18136175935522,5.3419049948979,38.0768219347184,38.0768219347184,"Q_limit1","Willow","Seedling","Shear Stress","J05-010"
"2",2.18136175935522,5.3419049948979,38.0768219347184,38.0768219347184,"Q_limit2","Willow","Seedling","Shear Stress","J05-010"
"3",21.6303262316911,21.6303262316911,6.72787994744839,10.574820587821,"Hydraulic_limit1","Willow","Seedling","Shear Stress","J05-010"
"4",21.6303262316911,21.6303262316911,6.72787994744839,10.574820587821,"Hydraulic_limit2","Willow","Seedling","Shear Stress","J05-010"
