"","V1","V2","V3","V4","Type","Species","Life_Stage","Hydraulic","Node"
"1",38.0768219347184,38.0768219347184,38.0768219347184,38.0768219347184,"Q_limit1","Willow","Seedling","Shear Stress","J05-010"
"2",38.0768219347184,38.0768219347184,38.0768219347184,38.0768219347184,"Q_limit2","Willow","Seedling","Shear Stress","J05-010"
"3",43.1733373283337,36.4134641568439,6.72787994744839,10.574820587821,"Hydraulic_limit1","Willow","Seedling","Shear Stress","J05-010"
"4",43.1733373283337,36.4134641568439,6.72787994744839,10.574820587821,"Hydraulic_limit2","Willow","Seedling","Shear Stress","J05-010"
