"","V1","V2","V3","V4","V5","Species","Life_Stage","Hydraulic","Node"
"1",2.20673646393189,0.709204481080731,0.0702749938962039,0.354876636789068,4.68682725197652,"Willow","Seedling","Shear Stress","J01-030"
