"","V1","V2","V3","V4","V5","Type","Species","Life_Stage","Hydraulic","Node"
"1",0.470853608268744,0.171023898391639,0.00349828647342042,0.143806922297358,3.9500254617226,"Q_limit1","Willow","Seedling","Shear Stress","J01-030"
"2",0.470853608268744,0.171023898391639,0.00349828647342042,0.143806922297358,3.9500254617226,"Q_limit2","Willow","Seedling","Shear Stress","J01-030"
"3",0.533455392809607,0.533455392809609,7.1513399064951,0.53345539280961,0.533455392809608,"Hydraulic_limit1","Willow","Seedling","Shear Stress","J01-030"
"4",0.533455392809607,0.533455392809609,7.1513399064951,0.53345539280961,0.533455392809608,"Hydraulic_limit2","Willow","Seedling","Shear Stress","J01-030"
