"","V1","V2","V3","V4","Type","Species","Life_Stage","Hydraulic","Node"
"1",13.9027567221415,6.21092741412718,0.710944827205874,1.56990909032181,"Q_limit1","Willow","Seedling","Depth","J01-020"
"2",16.4682079122884,6.21092741412718,0.710944827205874,1.56990909032181,"Q_limit2","Willow","Seedling","Depth","J01-020"
"3",18.4014861192559,18.4014868993235,18.4014875563398,18.4014845579379,"Hydraulic_limit1","Willow","Seedling","Depth","J01-020"
"4",18.4014861192559,18.4014868993235,18.4014875563398,18.4014845579379,"Hydraulic_limit2","Willow","Seedling","Depth","J01-020"
