"","V1","V2","V3","V4","Type","Species","Life_Stage","Hydraulic","Node"
"1",0.00366935138620178,0.140229939399596,5.88929686401913,5.99344393569512,"Q_limit1","Willow","Seedling","Shear Stress","J05-010"
"2",0.00366935138620178,0.140229939399596,5.88929686401913,5.99344393569512,"Q_limit2","Willow","Seedling","Shear Stress","J05-010"
"3",1.31718705672023,0.533455392809609,0.533455392809609,0.533455392809607,"Hydraulic_limit1","Willow","Seedling","Shear Stress","J05-010"
"4",1.31718705672023,0.533455392809609,0.533455392809609,0.533455392809607,"Hydraulic_limit2","Willow","Seedling","Shear Stress","J05-010"
