"","V1","V2","V3","Type","Species","Life_Stage","Hydraulic","Node"
"1",0.357914307494961,0.0137762840342832,0.681464030637472,"Q_limit1","Willow","Seedling","Shear Stress","J01-060"
"2",0.357914307494961,0.0137762840342832,0.681464030637472,"Q_limit2","Willow","Seedling","Shear Stress","J01-060"
"3",0.533455392809609,5.01154915219374,0.533455392809608,"Hydraulic_limit1","Willow","Seedling","Shear Stress","J01-060"
"4",0.533455392809609,5.01154915219374,0.533455392809608,"Hydraulic_limit2","Willow","Seedling","Shear Stress","J01-060"
