"","V1","V2","V3","V4","Type","Species","Life_Stage","Hydraulic","Node"
"1",4.47541754283945,1.08615267221602,0.0295554679564317,0.131529425342545,"Q_limit1","Willow","Seedling","Shear Stress","J01-020"
"2",4.47541754283945,1.08615267221602,0.0295554679564317,0.131529425342545,"Q_limit2","Willow","Seedling","Shear Stress","J01-020"
"3",0.533455392809609,0.533455392809609,4.94146362544644,0.533455392809608,"Hydraulic_limit1","Willow","Seedling","Shear Stress","J01-020"
"4",0.533455392809609,0.533455392809609,4.94146362544644,0.533455392809608,"Hydraulic_limit2","Willow","Seedling","Shear Stress","J01-020"
