"","V1","V2","V3","V4","Type","Species","Life_Stage","Hydraulic","Node"
"1",1.16380079080653,1.59373108726511,0.695880722055249,2.77487295001762,"Q_limit1","Willow","Seedling","Depth","J04-010"
"2",1.16380079080653,1.59373108726511,0.695880722055249,2.77487295001762,"Q_limit2","Willow","Seedling","Depth","J04-010"
"3",18.401487211305,18.4014875246553,18.401487213328,18.4014876078912,"Hydraulic_limit1","Willow","Seedling","Depth","J04-010"
"4",18.401487211305,18.4014875246553,18.401487213328,18.4014876078912,"Hydraulic_limit2","Willow","Seedling","Depth","J04-010"
