"","V1","V2","V3","V4","Type","Species","Life_Stage","Hydraulic","Node"
"1",6.13931553588738,0.52066326185466,5.59540127519307,0.000151391683865003,"Q_limit1","Willow","Seedling","Shear Stress","L02-040"
"2",6.13931553588738,0.52066326185466,5.59540127519307,0.000151391683865003,"Q_limit2","Willow","Seedling","Shear Stress","L02-040"
"3",0.533455392809608,0.533455392809609,0.533455392809608,0.533455392809608,"Hydraulic_limit1","Willow","Seedling","Shear Stress","L02-040"
"4",0.533455392809608,0.533455392809609,0.533455392809608,0.533455392809608,"Hydraulic_limit2","Willow","Seedling","Shear Stress","L02-040"
