"","V1","V2","V3","Type","Species","Life_Stage","Hydraulic","Node"
"1",2.47788957359145,21.2875830288976,24.9418075274269,"Q_limit1","Willow","Seedling","Depth","L02-020"
"2",2.47788957359145,21.2875830288976,24.9418075274269,"Q_limit2","Willow","Seedling","Depth","L02-020"
"3",27.5199122559868,26.9144801419372,27.3695934157259,"Hydraulic_limit1","Willow","Seedling","Depth","L02-020"
"4",27.5199122559868,26.9144801419372,27.3695934157259,"Hydraulic_limit2","Willow","Seedling","Depth","L02-020"
