"","V1","V2","V3","V4","V5","V6","Type","Species","Life_Stage","Hydraulic","Node"
"1",NA,0.11979770858031,NA,2.01250173040935,5.38919066213441,0.000127837012541918,"Q_limit1","Willow","Seedling","Shear Stress","L02-022"
"2",NA,0.11979770858031,NA,2.01250173040935,5.38919066213441,0.000127837012541918,"Q_limit2","Willow","Seedling","Shear Stress","L02-022"
"3",NA,0.533455392809609,NA,0.533455392809609,0.533455392809609,0.533455392809609,"Hydraulic_limit1","Willow","Seedling","Shear Stress","L02-022"
"4",NA,0.533455392809609,NA,0.533455392809609,0.533455392809609,0.533455392809609,"Hydraulic_limit2","Willow","Seedling","Shear Stress","L02-022"
