"","V1","V2","V3","Type","Species","Life_Stage","Hydraulic","Node"
"1",6.41619956649249,3.43652152577298,0.834287456427424,"Q_limit1","Willow","Seedling","Depth","L01-080"
"2",6.41619956649249,3.43652152577298,0.834287456427424,"Q_limit2","Willow","Seedling","Depth","L01-080"
"3",18.2707352949932,18.3969572556848,18.4011358370418,"Hydraulic_limit1","Willow","Seedling","Depth","L01-080"
"4",18.2707352949932,18.3969572556848,18.4011358370418,"Hydraulic_limit2","Willow","Seedling","Depth","L01-080"
