"","V1","V2","V3","Type","Species","Life_Stage","Hydraulic","Node"
"1",22.8798800490303,4.3646843872718,4.97394713103555,"Q_limit1","Willow","Seedling","Depth","L02-010"
"2",22.8798800490303,4.3646843872718,4.97394713103555,"Q_limit2","Willow","Seedling","Depth","L02-010"
"3",18.4011396737494,18.4014704547165,18.4013048795806,"Hydraulic_limit1","Willow","Seedling","Depth","L02-010"
"4",18.4011396737494,18.4014704547165,18.4013048795806,"Hydraulic_limit2","Willow","Seedling","Depth","L02-010"
