"","V1","V2","V3","V4","Type","Species","Life_Stage","Hydraulic","Node"
"1",14.8384724690851,4.19027787046199,14.8384724690851,8.18801833012755,"Q_limit1","Willow","Seedling","Depth","L02-031"
"2",14.8384724690851,4.19027787046199,14.8384724690851,8.18801833012755,"Q_limit2","Willow","Seedling","Depth","L02-031"
"3",26.2909596061894,27.51980547864,0.137044122598362,27.5195190883142,"Hydraulic_limit1","Willow","Seedling","Depth","L02-031"
"4",26.2909596061894,27.51980547864,0.137044122598362,27.5195190883142,"Hydraulic_limit2","Willow","Seedling","Depth","L02-031"
