"","V1","V2","V3","Type","Species","Life_Stage","Hydraulic","Node"
"1",25.2403154116274,25.2403154116274,25.2403154116274,"Q_limit1","Willow","Seedling","Shear Stress","L02-020"
"2",25.2403154116274,25.2403154116274,25.2403154116274,"Q_limit2","Willow","Seedling","Shear Stress","L02-020"
"3",99.1301466513937,42.2529719143214,31.3042990170693,"Hydraulic_limit1","Willow","Seedling","Shear Stress","L02-020"
"4",99.1301466513937,42.2529719143214,31.3042990170693,"Hydraulic_limit2","Willow","Seedling","Shear Stress","L02-020"
