"","V1","V2","V3","V4","Type","Species","Life_Stage","Hydraulic","Node"
"1",12.1038018057636,9.83093534841557,12.1038018057636,3.27128693967546,"Q_limit1","Willow","Seedling","Depth","L02-040"
"2",12.1038018057636,9.83093534841557,12.1038018057636,3.27128693967546,"Q_limit2","Willow","Seedling","Depth","L02-040"
"3",6.89720607721396,27.4944135231243,7.08829072990525,27.516553249164,"Hydraulic_limit1","Willow","Seedling","Depth","L02-040"
"4",6.89720607721396,27.4944135231243,7.08829072990525,27.516553249164,"Hydraulic_limit2","Willow","Seedling","Depth","L02-040"
