"","V1","V2","V3","V4","Type","Species","Life_Stage","Hydraulic","Node"
"1",12.2312930435201,12.2312930435201,0.101238947393417,3.65861179307335,"Q_limit1","Willow","Seedling","Shear Stress","L01-100"
"2",12.2312930435201,12.2312930435201,0.101238947393417,3.65861179307335,"Q_limit2","Willow","Seedling","Shear Stress","L01-100"
"3",0,0.0642007980008682,21.6303262316911,21.6303262316911,"Hydraulic_limit1","Willow","Seedling","Shear Stress","L01-100"
"4",0,0.0642007980008682,21.6303262316911,21.6303262316911,"Hydraulic_limit2","Willow","Seedling","Shear Stress","L01-100"
