"","V1","V2","V3","Type","Species","Life_Stage","Hydraulic","Node"
"1",3.0425177575344,1.75934736119952,3.0425177575344,"Q_limit1","Willow","Seedling","Depth","L02-050"
"2",3.0425177575344,1.75934736119952,3.0425177575344,"Q_limit2","Willow","Seedling","Depth","L02-050"
"3",14.1827997825243,27.5142413847446,25.2779858509673,"Hydraulic_limit1","Willow","Seedling","Depth","L02-050"
"4",14.1827997825243,27.5142413847446,25.2779858509673,"Hydraulic_limit2","Willow","Seedling","Depth","L02-050"
