"","V1","V2","V3","V4","V5","V6","Type","Species","Life_Stage","Hydraulic","Node"
"1",24.0296402641676,14.5586119294115,24.0296402641676,13.6285505493368,24.0296402641676,8.3690182974605,"Q_limit1","Willow","Seedling","Shear Stress","L02-022"
"2",24.0296402641676,14.5586119294115,24.0296402641676,13.6285505493368,24.0296402641676,8.3690182974605,"Q_limit2","Willow","Seedling","Shear Stress","L02-022"
"3",0,21.6303262316911,0.0574692867797886,21.6303262316911,7.27536426101354,21.6303262316911,"Hydraulic_limit1","Willow","Seedling","Shear Stress","L02-022"
"4",0,21.6303262316911,0.0574692867797886,21.6303262316911,7.27536426101354,21.6303262316911,"Hydraulic_limit2","Willow","Seedling","Shear Stress","L02-022"
