"","V1","V2","V3","Type","Species","Life_Stage","Hydraulic","Node"
"1",33.5527219459013,8.9159619369612,9.8190946495884,"Q_limit1","Willow","Seedling","Depth","L02-010"
"2",33.5527219459013,8.9159619369612,9.8190946495884,"Q_limit2","Willow","Seedling","Depth","L02-010"
"3",27.5066810137808,27.5185576633042,27.5198397395274,"Hydraulic_limit1","Willow","Seedling","Depth","L02-010"
"4",27.5066810137808,27.5185576633042,27.5198397395274,"Hydraulic_limit2","Willow","Seedling","Depth","L02-010"
