"","V1","V2","V3","V4","Type","Species","Life_Stage","Hydraulic","Node"
"1",12.2312930435201,12.2312930435201,12.2312930435201,12.2312930435201,"Q_limit1","Willow","Seedling","Depth","L01-100"
"2",12.2312930435201,12.2312930435201,12.2312930435201,12.2312930435201,"Q_limit2","Willow","Seedling","Depth","L01-100"
"3",0,0.0105119968924382,22.8154956046299,10.7989842618819,"Hydraulic_limit1","Willow","Seedling","Depth","L01-100"
"4",0,0.0105119968924382,22.8154956046299,10.7989842618819,"Hydraulic_limit2","Willow","Seedling","Depth","L01-100"
