"","V1","V2","V3","V4","V5","V6","Type","Species","Life_Stage","Hydraulic","Node"
"1",24.0296402641676,0.11979770858031,24.0296402641676,2.01250173040935,5.38919066213441,0.000127837012541918,"Q_limit1","Willow","Seedling","Shear Stress","L02-022"
"2",24.0296402641676,0.11979770858031,24.0296402641676,2.01250173040935,5.38919066213441,0.000127837012541918,"Q_limit2","Willow","Seedling","Shear Stress","L02-022"
"3",0,0.533455392809609,0.0574692867797886,0.533455392809609,0.533455392809609,0.533455392809609,"Hydraulic_limit1","Willow","Seedling","Shear Stress","L02-022"
"4",0,0.533455392809609,0.0574692867797886,0.533455392809609,0.533455392809609,0.533455392809609,"Hydraulic_limit2","Willow","Seedling","Shear Stress","L02-022"
