"","V1","V2","V3","Type","Species","Life_Stage","Hydraulic","Node"
"1",1.00665070819773,2.20563847686798e-05,2.2798511173428e-05,"Q_limit1","Willow","Seedling","Shear Stress","L02-050"
"2",1.00665070819773,2.20563847686798e-05,2.2798511173428e-05,"Q_limit2","Willow","Seedling","Shear Stress","L02-050"
"3",0.533455392809609,0.533455392809609,0.533455392809608,"Hydraulic_limit1","Willow","Seedling","Shear Stress","L02-050"
"4",0.533455392809609,0.533455392809609,0.533455392809608,"Hydraulic_limit2","Willow","Seedling","Shear Stress","L02-050"
