"","V1","V2","V3","V4","Type","Species","Life_Stage","Hydraulic","Node"
"1",3.02545322158942,0.816074735427236,14.8384724690851,0.699153133088584,"Q_limit1","Willow","Seedling","Shear Stress","L02-031"
"2",3.02545322158942,0.816074735427236,14.8384724690851,0.699153133088584,"Q_limit2","Willow","Seedling","Shear Stress","L02-031"
"3",21.6303262316911,21.6303262316911,0.217387478457982,21.6303262316911,"Hydraulic_limit1","Willow","Seedling","Shear Stress","L02-031"
"4",21.6303262316911,21.6303262316911,0.217387478457982,21.6303262316911,"Hydraulic_limit2","Willow","Seedling","Shear Stress","L02-031"
