"","V1","V2","V3","Type","Species","Life_Stage","Hydraulic","Node"
"1",3.0425177575344,3.0425177575344,3.0425177575344,"Q_limit1","Willow","Seedling","Shear Stress","L02-050"
"2",3.0425177575344,3.0425177575344,3.0425177575344,"Q_limit2","Willow","Seedling","Shear Stress","L02-050"
"3",20.7921420086953,74.0823031115124,35.7377767963525,"Hydraulic_limit1","Willow","Seedling","Shear Stress","L02-050"
"4",20.7921420086953,74.0823031115124,35.7377767963525,"Hydraulic_limit2","Willow","Seedling","Shear Stress","L02-050"
