"","V1","V2","V3","Type","Species","Life_Stage","Hydraulic","Node"
"1",0.934782797931173,0.934782797931173,0.934782797931173,"Q_limit1","Willow","Seedling","Depth","L02-051"
"2",0.934782797931173,0.934782797931173,0.934782797931173,"Q_limit2","Willow","Seedling","Depth","L02-051"
"3",0.278874943209338,18.1557878319779,0,"Hydraulic_limit1","Willow","Seedling","Depth","L02-051"
"4",0.278874943209338,18.1557878319779,0,"Hydraulic_limit2","Willow","Seedling","Depth","L02-051"
