"","V1","V2","V3","V4","Type","Species","Life_Stage","Hydraulic","Node"
"1",12.1038018057636,2.2005695372745,12.1038018057636,0.207986175944379,"Q_limit1","Willow","Seedling","Shear Stress","L02-040"
"2",12.1038018057636,2.2005695372745,12.1038018057636,0.207986175944379,"Q_limit2","Willow","Seedling","Shear Stress","L02-040"
"3",16.0803016614824,21.6303262316911,16.2417722604444,21.6303262316911,"Hydraulic_limit1","Willow","Seedling","Shear Stress","L02-040"
"4",16.0803016614824,21.6303262316911,16.2417722604444,21.6303262316911,"Hydraulic_limit2","Willow","Seedling","Shear Stress","L02-040"
