"","V1","V2","V3","Type","Species","Life_Stage","Hydraulic","Node"
"1",3.0425177575344,0.352809334928957,0.614069597988662,"Q_limit1","Willow","Seedling","Shear Stress","L02-050"
"2",3.0425177575344,0.352809334928957,0.614069597988662,"Q_limit2","Willow","Seedling","Shear Stress","L02-050"
"3",20.7921420086953,21.6303262316911,21.6303262316911,"Hydraulic_limit1","Willow","Seedling","Shear Stress","L02-050"
"4",20.7921420086953,21.6303262316911,21.6303262316911,"Hydraulic_limit2","Willow","Seedling","Shear Stress","L02-050"
