"","V1","V2","V3","Type","Species","Life_Stage","Hydraulic","Node"
"1",43.353575664525,43.353575664525,43.353575664525,"Q_limit1","Willow","Seedling","Shear Stress","L02-010"
"2",43.353575664525,43.353575664525,43.353575664525,"Q_limit2","Willow","Seedling","Shear Stress","L02-010"
"3",39.0578458485859,71.4917068774853,60.0266300731478,"Hydraulic_limit1","Willow","Seedling","Shear Stress","L02-010"
"4",39.0578458485859,71.4917068774853,60.0266300731478,"Hydraulic_limit2","Willow","Seedling","Shear Stress","L02-010"
