"","V1","V2","V3","Type","Species","Life_Stage","Hydraulic","Node"
"1",23.2569271500809,4.51163039026592,5.2873822656101,"Q_limit1","Willow","Seedling","Shear Stress","L02-010"
"2",23.2569271500809,4.51163039026592,5.2873822656101,"Q_limit2","Willow","Seedling","Shear Stress","L02-010"
"3",21.6303262316911,21.6303262316911,21.6303262316911,"Hydraulic_limit1","Willow","Seedling","Shear Stress","L02-010"
"4",21.6303262316911,21.6303262316911,21.6303262316911,"Hydraulic_limit2","Willow","Seedling","Shear Stress","L02-010"
