"","V1","V2","V3","V4","Type","Species","Life_Stage","Hydraulic","Node"
"1",0.399044588682513,1.44878914074251e-05,14.8384724690851,0.00206839705520478,"Q_limit1","Willow","Seedling","Shear Stress","L02-031"
"2",0.399044588682513,1.44878914074251e-05,14.8384724690851,0.00206839705520478,"Q_limit2","Willow","Seedling","Shear Stress","L02-031"
"3",0.533455392809608,0.533455392809608,0.217387478457982,0.533455392809608,"Hydraulic_limit1","Willow","Seedling","Shear Stress","L02-031"
"4",0.533455392809608,0.533455392809608,0.217387478457982,0.533455392809608,"Hydraulic_limit2","Willow","Seedling","Shear Stress","L02-031"
