"","V1","V2","V3","Type","Species","Life_Stage","Hydraulic","Node"
"1",6.79964192857365,5.65463469704488,1.89170421274546,"Q_limit1","Willow","Seedling","Depth","L01-080"
"2",6.79964192857365,5.65463469704488,1.89170421274546,"Q_limit2","Willow","Seedling","Depth","L01-080"
"3",19.6186856398944,27.5170216960235,27.5199554687465,"Hydraulic_limit1","Willow","Seedling","Depth","L01-080"
"4",19.6186856398944,27.5170216960235,27.5199554687465,"Hydraulic_limit2","Willow","Seedling","Depth","L01-080"
