"","slice1","slice2","slice3","slice4"
"1",12.4043301199317,4.98050574917258,0.603160185210705,1.85924697550676
