"","V1","V2","V3","V4","Species","Life_Stage","Hydraulic","Node"
"1",5.03479057657114,1.29260042303147,0.539642308660322,0.164751654030377,"Chub","Adult","Velocity","J01-020"
