"","V1","V2","V3","Type","Species","Life_Stage","Hydraulic","Node"
"1",8.42552190083591,3.27850683273866,4.75928502566878,"Q_limit1","Chub","Adult","Depth","J01-010"
"2",36.7437421648712,16.6825655886991,21.7664282191989,"Q_limit2","Chub","Adult","Depth","J01-010"
"3",27.9587495296701,27.9587538075541,27.9587538919946,"Hydraulic_limit1","Chub","Adult","Depth","J01-010"
"4",63.86147991381,63.8614837004873,63.861475017342,"Hydraulic_limit2","Chub","Adult","Depth","J01-010"
