"","V1","V2","V3","Type","Species","Life_Stage","Hydraulic","Node"
"1",4.12916127805599,1.1372487014974,2.13263274853541,"Q_limit1","Chub","Adult","Velocity","J01-010"
"2",35.813058777542,14.8762021714108,20.4738198469865,"Q_limit2","Chub","Adult","Velocity","J01-010"
"3",0.293928093236868,0.293928087917663,0.293928088231399,"Hydraulic_limit1","Chub","Adult","Velocity","J01-010"
"4",0.685694551822705,0.685694451532957,0.685694532866917,"Hydraulic_limit2","Chub","Adult","Velocity","J01-010"
