"","V1","V2","V3","V4","V5","Type","Species","Life_Stage","Hydraulic","Node"
"1",12.4679341014717,1.38023875981458,2.0034936310004,1.06067093322237,11.6018370910458,"Q_limit1","Chub","Adult","Depth","J01-040"
"2",18.6468304333854,3.95052955516117,4.91954930433892,3.42283743368973,17.5818983779322,"Q_limit2","Chub","Adult","Depth","J01-040"
"3",34.3765419955735,34.3765363369292,34.3765355525338,34.3765361811775,34.3766244990396,"Hydraulic_limit1","Chub","Adult","Depth","J01-040"
"4",57.4436188065949,57.4436608669414,57.4436870868378,57.4436782207223,57.443650209035,"Hydraulic_limit2","Chub","Adult","Depth","J01-040"
