"","V1","V2","V3","Type","Species","Life_Stage","Hydraulic","Node"
"1",3.44439457565614,0.886633982670039,4.50760324873184,"Q_limit1","Chub","Adult","Depth","J01-060"
"2",12.8504108042257,7.01841383700989,14.8342798844407,"Q_limit2","Chub","Adult","Depth","J01-060"
"3",27.9587538918948,27.9587538271459,27.9587502055633,"Hydraulic_limit1","Chub","Adult","Depth","J01-060"
"4",63.8614882442872,63.8614764782022,63.8614986782275,"Hydraulic_limit2","Chub","Adult","Depth","J01-060"
