"","V1","V2","V3","V4","V5","Type","Species","Life_Stage","Hydraulic","Node"
"1",4.35815607849619,3.17168047588113,1.24064891634761,3.00904781419303,11.5056272088216,"Q_limit1","Chub","Adult","Depth","J01-030"
"2",15.0137890721977,12.7497943151456,8.533488861363,12.4295993138151,26.9221189006105,"Q_limit2","Chub","Adult","Depth","J01-030"
"3",27.958567937845,27.9587270426795,27.9587477350594,27.9586950423077,27.958491300521,"Hydraulic_limit1","Chub","Adult","Depth","J01-030"
"4",63.8747399740863,63.8616239307637,63.8617803984189,63.86560863115,63.9355689825689,"Hydraulic_limit2","Chub","Adult","Depth","J01-030"
