"","V1","V2","V3","V4","Type","Species","Life_Stage","Hydraulic","Node"
"1",2.25149496577738,2.88645007300854,0.85938474564212,3.48317225007093,"Q_limit1","Chub","Adult","Depth","J04-010"
"2",6.96386526099123,8.00624420720508,4.30142139954546,8.93411409128583,"Q_limit2","Chub","Adult","Depth","J04-010"
"3",34.3765356968262,34.3765364312516,34.3765361970444,34.3765407740122,"Hydraulic_limit1","Chub","Adult","Depth","J04-010"
"4",57.4436904358617,57.4436697223101,57.4436921050204,57.4436892609767,"Hydraulic_limit2","Chub","Adult","Depth","J04-010"
