"","V1","V2","V3","Type","Species","Life_Stage","Hydraulic","Node"
"1",7.02176106769399,4.85700272589688,9.66540202552679,"Q_limit1","Chub","Adult","Depth","J01-100"
"2",17.1414773197263,13.7826923564159,21.0181026247058,"Q_limit2","Chub","Adult","Depth","J01-100"
"3",34.3782285353613,34.3790841837298,34.3806342172701,"Hydraulic_limit1","Chub","Adult","Depth","J01-100"
"4",57.4250338897475,57.4401494446081,57.4342726304171,"Hydraulic_limit2","Chub","Adult","Depth","J01-100"
