"","V1","V2","V3","V4","Species","Life_Stage","Hydraulic","Node"
"1",0.121140628072686,0.401439534782107,0.0164342563058436,0.650606848654422,"Chub","Adult","Velocity","J04-010"
