"","V1","V2","V3","Type","Species","Life_Stage","Hydraulic","Node"
"1",16.1899849980779,0.262839798009314,21.706984110513,"Q_limit1","Chub","Adult","Velocity","J01-091"
"2",41.884147370745,0.262839798009314,31.8657394274096,"Q_limit2","Chub","Adult","Velocity","J01-091"
"3",0.184885930642854,0.794692346046669,0.169732469539694,"Hydraulic_limit1","Chub","Adult","Velocity","J01-091"
"4",0.794703898149426,0.794692346046669,0.794737399565403,"Hydraulic_limit2","Chub","Adult","Velocity","J01-091"
