"","V1","V2","V3","Type","Species","Life_Stage","Hydraulic","Node"
"1",3.91453211411846,8.44589605855265,5.98637331081644,"Q_limit1","Chub","Adult","Depth","J07-010"
"2",20.1950875342583,28.5188201853992,24.1652482441164,"Q_limit2","Chub","Adult","Depth","J07-010"
"3",27.958648889854,27.9586983402719,27.9577683207261,"Hydraulic_limit1","Chub","Adult","Depth","J07-010"
"4",63.8672864692008,63.9381739012147,63.8622111653082,"Hydraulic_limit2","Chub","Adult","Depth","J07-010"
