"","V1","V2","V3","V4","Type","Species","Life_Stage","Hydraulic","Node"
"1",5.94597301874337,2.2811716678166,0.393859218869988,0.21763807790331,"Q_limit1","Chub","Adult","Velocity","J01-020"
"2",15.2818342968046,4.7387922296544,0.393859218869988,0.880129298007237,"Q_limit2","Chub","Adult","Velocity","J01-020"
"3",0.293928162040757,0.29392812830238,0.685694550838828,0.293928087315718,"Hydraulic_limit1","Chub","Adult","Velocity","J01-020"
"4",0.685694549875783,0.685694126001041,0.685694550838828,0.685694554022889,"Hydraulic_limit2","Chub","Adult","Velocity","J01-020"
