"","V1","V2","V3","V4","Type","Species","Life_Stage","Hydraulic","Node"
"1",3.49786203063064,3.02927819667221,1.67939860320522,4.85844537196156,"Q_limit1","Chub","Adult","Depth","J04-010"
"2",18.2028164062349,12.0673844464579,9.34731360425299,17.2417548407405,"Q_limit2","Chub","Adult","Depth","J04-010"
"3",27.9587463771081,27.9587538670675,27.9587517039441,27.9587488053265,"Hydraulic_limit1","Chub","Adult","Depth","J04-010"
"4",63.8614961425887,63.8614838887035,63.8614872978115,63.8614847566933,"Hydraulic_limit2","Chub","Adult","Depth","J04-010"
