"","V1","V2","V3","Type","Species","Life_Stage","Hydraulic","Node"
"1",34.0722790755269,6.14604613301643,58.9718429925314,"Q_limit1","Chub","Adult","Depth","J01-091"
"2",56.845871054626,34.477189646478,58.9718429925314,"Q_limit2","Chub","Adult","Depth","J01-091"
"3",27.955866698511,27.95874645691,27.7891081249792,"Hydraulic_limit1","Chub","Adult","Depth","J01-091"
"4",27.955866698511,63.8797243963267,27.7891081249792,"Hydraulic_limit2","Chub","Adult","Depth","J01-091"
