"","V1","V2","V3","Type","Species","Life_Stage","Hydraulic","Node"
"1",9.04919038364389,1.21966375810573,8.15822267476368,"Q_limit1","Chub","Adult","Depth","J01-041"
"2",21.6301255865991,7.59870594338803,20.1936633954929,"Q_limit2","Chub","Adult","Depth","J01-041"
"3",27.9587496637361,27.9587538800693,27.9587534541054,"Hydraulic_limit1","Chub","Adult","Depth","J01-041"
"4",63.8615116509844,63.8614765728875,63.8614877684836,"Hydraulic_limit2","Chub","Adult","Depth","J01-041"
