"","V1","V2","V3","Type","Species","Life_Stage","Hydraulic","Node"
"1",21.5694698892649,2.77366203410489,9.3167253391324,"Q_limit1","Chub","Adult","Depth","J01-041"
"2",40.0522746561625,11.0705914278379,42.4765773813144,"Q_limit2","Chub","Adult","Depth","J01-041"
"3",27.9587155385802,27.9587523674203,27.9587529141418,"Hydraulic_limit1","Chub","Adult","Depth","J01-041"
"4",63.861582211512,63.861474914216,63.8615321118015,"Hydraulic_limit2","Chub","Adult","Depth","J01-041"
