"","V1","V2","V3","V4","V5","Type","Species","Life_Stage","Hydraulic","Node"
"1",16.6777899773012,1.69748961299968,1.70564762523207,1.4244939012798,13.7029651940338,"Q_limit1","Chub","Adult","Depth","J01-040"
"2",48.9129056233165,7.65961124084226,6.51070293905863,7.84682315871631,38.9354630017821,"Q_limit2","Chub","Adult","Depth","J01-040"
"3",27.9587422426099,27.9587537720281,27.9587538863493,27.958753767385,27.958745786841,"Hydraulic_limit1","Chub","Adult","Depth","J01-040"
"4",63.8616216841155,63.8614808868829,63.8614744998312,63.861479799691,63.8614871860027,"Hydraulic_limit2","Chub","Adult","Depth","J01-040"
