"","V1","V2","V3","Type","Species","Life_Stage","Hydraulic","Node"
"1",1.75421359519854,0.937549160069664,3.37227681427616,"Q_limit1","Chub","Adult","Depth","J01-031"
"2",10.2178253542707,7.21258785122318,12.5817997088308,"Q_limit2","Chub","Adult","Depth","J01-031"
"3",27.9587251502296,27.9587429529018,27.957258562299,"Hydraulic_limit1","Chub","Adult","Depth","J01-031"
"4",65.8669910387825,63.8620964205628,62.7656781854599,"Hydraulic_limit2","Chub","Adult","Depth","J01-031"
