"","V1","V2","V3","Type","Species","Life_Stage","Hydraulic","Node"
"1",0.393829574878537,0.627716046654943,0.43870259676409,"Q_limit1","Chub","Adult","Velocity","J03-010"
"2",3.32911642196578,0.627716046654943,4.1605692160984,"Q_limit2","Chub","Adult","Velocity","J03-010"
"3",0.184930242561579,0.794692326937832,0.184930290696233,"Hydraulic_limit1","Chub","Adult","Velocity","J03-010"
"4",0.794692458789715,0.794692326937832,0.794692339064362,"Hydraulic_limit2","Chub","Adult","Velocity","J03-010"
