"","V1","V2","V3","Type","Species","Life_Stage","Hydraulic","Node"
"1",7.07494077092939,4.2341094667796,13.6412141137951,"Q_limit1","Chub","Adult","Depth","J01-100"
"2",35.2045728188403,19.2900039040826,13.6412141137951,"Q_limit2","Chub","Adult","Depth","J01-100"
"3",27.9578351510197,27.9587056373022,27.9586837431407,"Hydraulic_limit1","Chub","Adult","Depth","J01-100"
"4",64.2618944909032,63.8646956173615,27.9586837431407,"Hydraulic_limit2","Chub","Adult","Depth","J01-100"
