"","V1","V2","V3","Type","Species","Life_Stage","Hydraulic","Node"
"1",5.97236049956068,2.14069486429509,7.02351250508158,"Q_limit1","Chub","Adult","Depth","J01-060"
"2",29.8167334609098,10.2118473761242,39.3910781119334,"Q_limit2","Chub","Adult","Depth","J01-060"
"3",27.9587522923186,27.9587522720601,27.9587536510977,"Hydraulic_limit1","Chub","Adult","Depth","J01-060"
"4",63.8617188185301,63.8614870971573,63.8614850638463,"Hydraulic_limit2","Chub","Adult","Depth","J01-060"
