"","V1","V2","V3","V4","Type","Species","Life_Stage","Hydraulic","Node"
"1",1.38940400590194,1.89796504467774,0.424644253135118,2.38870504778889,"Q_limit1","Chub","Adult","Depth","J04-010"
"2",8.68202902756244,9.82103230378775,5.70559657006194,10.8355174484222,"Q_limit2","Chub","Adult","Depth","J04-010"
"3",27.9587538408669,27.9587537416311,27.9587537590283,27.958753471176,"Hydraulic_limit1","Chub","Adult","Depth","J04-010"
"4",63.8614799297723,63.8617015358896,63.8614803072282,63.8615533061725,"Hydraulic_limit2","Chub","Adult","Depth","J04-010"
