"","V1","V2","V3","Type","Species","Life_Stage","Hydraulic","Node"
"1",2.21558429867104,0.56288082838428,2.31145194985339,"Q_limit1","Chub","Adult","Depth","J03-010"
"2",7.74821437706435,3.97376796505195,7.93951692064608,"Q_limit2","Chub","Adult","Depth","J03-010"
"3",27.9587537616957,27.9587533343382,27.9587430680045,"Hydraulic_limit1","Chub","Adult","Depth","J03-010"
"4",63.8617414876248,63.8614775015341,63.8614833983984,"Hydraulic_limit2","Chub","Adult","Depth","J03-010"
