"","V1","V2","V3","V4","V5","Type","Species","Life_Stage","Hydraulic","Node"
"1",10.9694080015695,0.883583249822162,1.40469144882573,0.629805409419056,10.1585209294618,"Q_limit1","Chub","Adult","Depth","J01-040"
"2",20.5948983557855,4.87611143053884,5.93976363576893,4.2938923940747,19.4722868417792,"Q_limit2","Chub","Adult","Depth","J01-040"
"3",27.9587525501726,27.9587538860423,27.958753751758,27.958753893043,27.9587357222927,"Hydraulic_limit1","Chub","Adult","Depth","J01-040"
"4",63.8615218396853,63.861475131856,63.8614750325227,63.8614777398175,63.8615683937909,"Hydraulic_limit2","Chub","Adult","Depth","J01-040"
