"","V1","V2","V3","Type","Species","Life_Stage","Hydraulic","Node"
"1",17.6542136763335,0.0144941485980473,22.1933189078641,"Q_limit1","Chub","Adult","Velocity","J01-091"
"2",40.3980409020802,0.164116928842377,30.908331478681,"Q_limit2","Chub","Adult","Velocity","J01-091"
"3",0.293930792078514,0.293928087286183,0.293013228326456,"Hydraulic_limit1","Chub","Adult","Velocity","J01-091"
"4",0.685289069812743,0.685694554276554,0.685669789038517,"Hydraulic_limit2","Chub","Adult","Velocity","J01-091"
