"","V1","V2","V3","Type","Species","Life_Stage","Hydraulic","Node"
"1",10.8775319720266,1.97137528501516,9.90206212051529,"Q_limit1","Chub","Adult","Depth","J01-041"
"2",18.929252289037,6.07410485698929,17.5995151272887,"Q_limit2","Chub","Adult","Depth","J01-041"
"3",34.3765426119932,34.3765355421889,34.3765385323891,"Hydraulic_limit1","Chub","Adult","Depth","J01-041"
"4",57.4436341126799,57.4436892202777,57.443687259037,"Hydraulic_limit2","Chub","Adult","Depth","J01-041"
