"","V1","V2","V3","V4","V5","Species","Life_Stage","Hydraulic","Node"
"1",4.35815607849619,3.17168047588113,1.24064891634761,3.00904781419303,11.5056272088216,"Chub","Adult","Depth","J01-030"
