"","V1","V2","V3","V4","Type","Species","Life_Stage","Hydraulic","Node"
"1",23.7913281196029,9.02576390135637,1.76518217054221,3.51357049816882,"Q_limit1","Chub","Adult","Depth","J01-020"
"2",82.9366306588328,24.447184910159,9.77073612335965,17.5967064909767,"Q_limit2","Chub","Adult","Depth","J01-020"
"3",27.9587033740882,27.9587522423998,27.9587528860517,27.9587506480087,"Hydraulic_limit1","Chub","Adult","Depth","J01-020"
"4",63.8621641228995,63.8615125350107,63.8614748160223,63.8614760678944,"Hydraulic_limit2","Chub","Adult","Depth","J01-020"
