"","V1","V2","V3","Type","Species","Life_Stage","Hydraulic","Node"
"1",3.70569709416285,1.17358030502566,2.6720093475526,"Q_limit1","Chub","Adult","Velocity","J01-041"
"2",18.293281982872,1.17358030502566,7.75676226635454,"Q_limit2","Chub","Adult","Velocity","J01-041"
"3",0.184930290180042,0.794692326937021,0.184930119824944,"Hydraulic_limit1","Chub","Adult","Velocity","J01-041"
"4",0.794696044943748,0.794692326937021,0.794692332598573,"Hydraulic_limit2","Chub","Adult","Velocity","J01-041"
