"","V1","V2","V3","V4","V5","Species","Life_Stage","Hydraulic","Node"
"1",0.565668154025201,0.200250940699168,0.0740759355510957,0.156287243185931,4.03157248055408,"Chub","Adult","Velocity","J01-030"
