"","V1","V2","V3","Type","Species","Life_Stage","Hydraulic","Node"
"1",4.70156571903021,1.51083990520004,5.92087557492847,"Q_limit1","Chub","Adult","Depth","J01-060"
"2",10.7284667270858,5.47802306914707,12.5287434475017,"Q_limit2","Chub","Adult","Depth","J01-060"
"3",34.3765399660933,34.3765359149699,34.3765576204894,"Hydraulic_limit1","Chub","Adult","Depth","J01-060"
"4",57.443692001208,57.4436894368697,57.4436368296527,"Hydraulic_limit2","Chub","Adult","Depth","J01-060"
