"","V1","V2","V3","V4","V5","Type","Species","Life_Stage","Hydraulic","Node"
"1",7.3217666325958,3.91075821633148,1.93148005134524,3.58314886468999,16.2215456540118,"Q_limit1","Chub","Adult","Depth","J01-030"
"2",53.3544713634918,14.1964311396873,10.1616077188348,14.9716394439576,16.2215456540118,"Q_limit2","Chub","Adult","Depth","J01-030"
"3",27.9587218985577,27.9586406867488,27.958753105279,27.9587465438636,27.9543428657603,"Hydraulic_limit1","Chub","Adult","Depth","J01-030"
"4",63.8095765327933,63.9007901825414,63.8623661669696,63.8774997389625,27.9543428657603,"Hydraulic_limit2","Chub","Adult","Depth","J01-030"
