"","V1","V2","V3","Type","Species","Life_Stage","Hydraulic","Node"
"1",5.99323146834931,11.2784255001206,8.45311065873523,"Q_limit1","Chub","Adult","Depth","J07-010"
"2",16.479024097755,24.1522518980743,20.1754101670343,"Q_limit2","Chub","Adult","Depth","J07-010"
"3",34.3780398432143,34.3769090851683,34.3768276345494,"Hydraulic_limit1","Chub","Adult","Depth","J07-010"
"4",57.361022270522,57.4410295957681,57.4335721109435,"Hydraulic_limit2","Chub","Adult","Depth","J07-010"
