"","V1","V2","V3","V4","Type","Species","Life_Stage","Hydraulic","Node"
"1",0.00517008841459657,0.213405417074683,6.36552615961144,6.73456565883842,"Q_limit1","Chub","Adult","Velocity","J05-010"
"2",0.790912661800948,2.69301973173398,6.36552615961144,6.73456565883842,"Q_limit2","Chub","Adult","Velocity","J05-010"
"3",0.184930313820152,0.184930312770545,0.184883053480229,0.184922788786813,"Hydraulic_limit1","Chub","Adult","Velocity","J05-010"
"4",0.794692338232596,0.79469243734777,0.184883053480229,0.184922788786813,"Hydraulic_limit2","Chub","Adult","Velocity","J05-010"
