"","V1","V2","V3","Type","Species","Life_Stage","Hydraulic","Node"
"1",5.47404208503697,11.2167980248464,9.18706869658742,"Q_limit1","Chub","Adult","Depth","J07-010"
"2",24.1293461649658,11.2167980248464,9.18706869658742,"Q_limit2","Chub","Adult","Depth","J07-010"
"3",27.9587403942188,27.9583772408205,27.9586361852679,"Hydraulic_limit1","Chub","Adult","Depth","J07-010"
"4",63.8630575919437,27.9583772408205,27.9586361852679,"Hydraulic_limit2","Chub","Adult","Depth","J07-010"
