"","V1","V2","V3","V4","V5","Species","Life_Stage","Hydraulic","Node"
"1",6.76162684856337,0.100132113580262,0.191358275728712,0.0178787861490236,5.88498341261657,"Chub","Adult","Velocity","J01-040"
