"","V1","V2","V3","Type","Species","Life_Stage","Hydraulic","Node"
"1",29.8464035017379,5.43518074150138,30.2583849162276,"Q_limit1","Chub","Adult","Depth","J01-080"
"2",98.5179487382238,39.0963833339867,101.319126445982,"Q_limit2","Chub","Adult","Depth","J01-080"
"3",27.9586380553508,27.9587534679154,27.9587132347622,"Hydraulic_limit1","Chub","Adult","Depth","J01-080"
"4",63.950570221738,63.8614782916769,63.8989754162844,"Hydraulic_limit2","Chub","Adult","Depth","J01-080"
