"","V1","V2","V3","V4","Species","Life_Stage","Hydraulic","Node"
"1",12.5731367417709,5.08334686967787,0.629422729586164,1.90952009002807,"Chub","Adult","Depth","J01-020"
