"","V1","V2","V3","V4","Type","Species","Life_Stage","Hydraulic","Node"
"1",0.0378633699289801,0.365586941101239,6.94945279006698,7.33375946738234,"Q_limit1","Chub","Adult","Velocity","J05-010"
"2",0.572146088438487,2.18457014629732,8.17788995060192,7.33375946738234,"Q_limit2","Chub","Adult","Velocity","J05-010"
"3",0.293928088257048,0.293928097090663,0.293928220288011,0.293934507068144,"Hydraulic_limit1","Chub","Adult","Velocity","J05-010"
"4",0.685694539152873,0.685694036120305,0.293928220288011,0.293934507068144,"Hydraulic_limit2","Chub","Adult","Velocity","J05-010"
