"","V1","V2","V3","V4","V5","Species","Life_Stage","Hydraulic","Node"
"1",10.9694080015695,0.883583249822162,1.40469144882573,0.629805409419056,10.1585209294618,"Chub","Adult","Depth","J01-040"
