"","V1","V2","V3","Type","Species","Life_Stage","Hydraulic","Node"
"1",5.07133439304649,1.01682870333464,1.77325992658453,"Q_limit1","Chub","Adult","Depth","J01-061"
"2",18.0475144910395,4.25512798979533,16.2188887079283,"Q_limit2","Chub","Adult","Depth","J01-061"
"3",27.9587163146008,27.9587220670747,27.9587519272204,"Hydraulic_limit1","Chub","Adult","Depth","J01-061"
"4",63.8623364126223,63.8615051867179,63.8672896468848,"Hydraulic_limit2","Chub","Adult","Depth","J01-061"
