"","V1","V2","V3","V4","Species","Life_Stage","Hydraulic","Node"
"1",0.00517008841459657,0.213405417074683,6.36552615961144,6.73456565883842,"Chub","Adult","Velocity","J05-010"
