"","V1","V2","V3","Type","Species","Life_Stage","Hydraulic","Node"
"1",4.27144424381066,0.0457114161455919,4.03007995853903,"Q_limit1","Chub","Adult","Velocity","J01-080"
"2",5.40455093644154,0.0457114161455919,5.14918242714321,"Q_limit2","Chub","Adult","Velocity","J01-080"
"3",0.184914949566288,0.794692326453218,0.184930226529512,"Hydraulic_limit1","Chub","Adult","Velocity","J01-080"
"4",0.794710543077173,0.794692326453218,0.794693827099954,"Hydraulic_limit2","Chub","Adult","Velocity","J01-080"
