"","V1","V2","V3","Type","Species","Life_Stage","Hydraulic","Node"
"1",3.46588956462987,0.717455207168607,1.77325992658453,"Q_limit1","Chub","Adult","Depth","J01-061"
"2",8.17663953820745,3.55591792216858,5.5128204057297,"Q_limit2","Chub","Adult","Depth","J01-061"
"3",27.9587193479069,27.9587520875538,27.9587455530696,"Hydraulic_limit1","Chub","Adult","Depth","J01-061"
"4",63.8617668596865,63.8615843217635,63.8615175748374,"Hydraulic_limit2","Chub","Adult","Depth","J01-061"
