"","V1","V2","V3","Type","Species","Life_Stage","Hydraulic","Node"
"1",3.74007830735277,1.25690851419993,6.17571992335778,"Q_limit1","Chub","Adult","Depth","J03-010"
"2",3.74007830735277,5.71931002606989,6.98737592505986,"Q_limit2","Chub","Adult","Depth","J03-010"
"3",27.9587494416736,27.9587526937503,27.9587470991905,"Hydraulic_limit1","Chub","Adult","Depth","J03-010"
"4",27.9587494416736,63.8614817824185,27.9587470991905,"Hydraulic_limit2","Chub","Adult","Depth","J03-010"
