"","V1","V2","V3","V4","V5","Type","Species","Life_Stage","Hydraulic","Node"
"1",0.70117237707414,0.228629484327069,0.0537630465551167,0.170298919188876,4.07742280077351,"Q_limit1","Chub","Adult","Velocity","J01-030"
"2",2.94642894086011,0.631305354453234,0.0537630465551167,0.504235433317955,4.85004992721308,"Q_limit2","Chub","Adult","Velocity","J01-030"
"3",0.293928175838305,0.293928271491771,0.685694552874222,0.293928108794725,0.293980670586407,"Hydraulic_limit1","Chub","Adult","Velocity","J01-030"
"4",0.685694534349395,0.685694400575961,0.685694552874222,0.685694546798667,0.685673157239491,"Hydraulic_limit2","Chub","Adult","Velocity","J01-030"
