"","V1","V2","V3","Type","Species","Life_Stage","Hydraulic","Node"
"1",0.0320844870815011,1.31594247350348,0.306270938013723,"Q_limit1","Chub","Adult","Velocity","J07-010"
"2",0.501413384671398,3.29423957590887,1.24130509542759,"Q_limit2","Chub","Adult","Velocity","J07-010"
"3",0.293928087468148,0.293928093073685,0.293928198532229,"Hydraulic_limit1","Chub","Adult","Velocity","J07-010"
"4",0.685694547659906,0.685674710865657,0.685694548504079,"Hydraulic_limit2","Chub","Adult","Velocity","J07-010"
