"","V1","V2","V3","Type","Species","Life_Stage","Hydraulic","Node"
"1",2.54960678455455,1.74997826377562,6.08659574430761,"Q_limit1","Chub","Adult","Depth","J01-031"
"2",2.54960678455455,10.2087896298316,6.08659574430761,"Q_limit2","Chub","Adult","Depth","J01-031"
"3",27.957137617995,27.958727866767,27.9399000048504,"Hydraulic_limit1","Chub","Adult","Depth","J01-031"
"4",27.957137617995,65.8719358604029,27.9399000048504,"Hydraulic_limit2","Chub","Adult","Depth","J01-031"
