"","V1","V2","V3","V4","Type","Species","Life_Stage","Hydraulic","Node"
"1",15.1576587457807,6.72975366714444,1.08594778389427,2.77191734867192,"Q_limit1","Chub","Adult","Depth","J01-020"
"2",26.40086205487,14.7341519555789,4.25068036765856,8.12425601394693,"Q_limit2","Chub","Adult","Depth","J01-020"
"3",34.3765355302231,34.3765386660786,34.3765355342909,34.3765360341264,"Hydraulic_limit1","Chub","Adult","Depth","J01-020"
"4",57.4436025497771,57.4436902485538,57.4436917574642,57.4436920152068,"Hydraulic_limit2","Chub","Adult","Depth","J01-020"
