"","V1","V2","V3","V4","Species","Life_Stage","Hydraulic","Node"
"1",1.38940400590194,1.89796504467774,0.424644253135118,2.38870504778889,"Chub","Adult","Depth","J04-010"
