"","V1","V2","V3","V4","Type","Species","Life_Stage","Hydraulic","Node"
"1",5.03479057657114,1.29260042303147,0.539642308660322,0.164751654030377,"Q_limit1","Chub","Adult","Velocity","J01-020"
"2",19.3673703764058,5.36731712949583,0.539642308660322,1.32163740301205,"Q_limit2","Chub","Adult","Velocity","J01-020"
"3",0.184930313232877,0.184930313788457,0.794692328611886,0.184930313794656,"Hydraulic_limit1","Chub","Adult","Velocity","J01-020"
"4",0.794692867240024,0.794692467146006,0.794692328611886,0.794692340055924,"Hydraulic_limit2","Chub","Adult","Velocity","J01-020"
