"","V1","V2","V3","Type","Species","Life_Stage","Hydraulic","Node"
"1",0.0136957759722266,3.37803238564836,8.40567935912227,"Q_limit1","Chub","Adult","Velocity","L02-020"
"2",0.687282764953451,7.96696316269758,17.7956278623544,"Q_limit2","Chub","Adult","Velocity","L02-020"
"3",0.184930203388846,0.18488571990759,0.18478433509456,"Hydraulic_limit1","Chub","Adult","Velocity","L02-020"
"4",0.794693151841732,0.795216277349365,0.818282053715774,"Hydraulic_limit2","Chub","Adult","Velocity","L02-020"
