"","V1","V2","V3","V4","Species","Life_Stage","Hydraulic","Node"
"1",6.61838289358145,0.641538771174796,6.18299874071225,0.00171624647816883,"Chub","Adult","Velocity","L02-040"
