"","V1","V2","V3","Type","Species","Life_Stage","Hydraulic","Node"
"1",34.418202779461,9.18035767969977,10.1040327581734,"Q_limit1","Chub","Adult","Depth","L02-010"
"2",34.418202779461,9.18035767969977,10.1040327581734,"Q_limit2","Chub","Adult","Depth","L02-010"
"3",27.9487387124124,27.9584978353038,27.9584507331268,"Hydraulic_limit1","Chub","Adult","Depth","L02-010"
"4",27.9487387124124,27.9584978353038,27.9584507331268,"Hydraulic_limit2","Chub","Adult","Depth","L02-010"
