"","V1","V2","V3","Type","Species","Life_Stage","Hydraulic","Node"
"1",0.91010603816545,8.4606137476436,18.907756778642,"Q_limit1","Chub","Adult","Depth","L02-020"
"2",6.44068914600859,25.2357366980584,18.907756778642,"Q_limit2","Chub","Adult","Depth","L02-020"
"3",27.9587266786091,27.9538673142072,27.9872974232881,"Hydraulic_limit1","Chub","Adult","Depth","L02-020"
"4",63.8645260654099,63.8603862201732,27.9872974232881,"Hydraulic_limit2","Chub","Adult","Depth","L02-020"
