"","V1","V2","V3","Type","Species","Life_Stage","Hydraulic","Node"
"1",0.0217680728470829,3.74122404827238,9.64250905024867,"Q_limit1","Chub","Adult","Velocity","L02-020"
"2",0.535603049990073,7.07871309957319,14.1793095197883,"Q_limit2","Chub","Adult","Velocity","L02-020"
"3",0.293928153261094,0.293964884098366,0.294080143562995,"Hydraulic_limit1","Chub","Adult","Velocity","L02-020"
"4",0.68569424499147,0.685597941087822,0.684604851694883,"Hydraulic_limit2","Chub","Adult","Velocity","L02-020"
