"","V1","V2","V3","Type","Species","Life_Stage","Hydraulic","Node"
"1",0.623106169901296,0.0033013499223054,0.0243655824257115,"Q_limit1","Chub","Adult","Velocity","L02-010"
"2",7.08278466700884,0.501729200893915,0.568640894992601,"Q_limit2","Chub","Adult","Velocity","L02-010"
"3",0.184925052589499,0.184930309784355,0.184930283139531,"Hydraulic_limit1","Chub","Adult","Velocity","L02-010"
"4",0.794710744548775,0.794692361471645,0.794693195897279,"Hydraulic_limit2","Chub","Adult","Velocity","L02-010"
