"","V1","V2","V3","Type","Species","Life_Stage","Hydraulic","Node"
"1",1.32080472042166,0.0103254262492197,0.00828931090351536,"Q_limit1","Chub","Adult","Velocity","L02-050"
"2",2.52486820096105,0.1790179357259,1.46442065355646,"Q_limit2","Chub","Adult","Velocity","L02-050"
"3",0.293943848785149,0.293928093603372,0.293928355746648,"Hydraulic_limit1","Chub","Adult","Velocity","L02-050"
"4",0.685392397488549,0.685690183458695,0.685694260925989,"Hydraulic_limit2","Chub","Adult","Velocity","L02-050"
