"","V1","V2","V3","V4","Type","Species","Life_Stage","Hydraulic","Node"
"1",4.46931149472482,0.638881475044486,NA,1.18888652175435,"Q_limit1","Chub","Adult","Depth","L02-031"
"2",4.46931149472482,8.50447588662143,NA,11.4166618457565,"Q_limit2","Chub","Adult","Depth","L02-031"
"3",27.9580286457058,27.9587538456443,NA,27.9586062061214,"Hydraulic_limit1","Chub","Adult","Depth","L02-031"
"4",27.9580286457058,63.8618795120069,NA,63.8695003507085,"Hydraulic_limit2","Chub","Adult","Depth","L02-031"
