"","V1","V2","V3","Type","Species","Life_Stage","Hydraulic","Node"
"1",10.1383744433471,0.0207588583466665,8.13062961895274,"Q_limit1","Chub","Adult","Velocity","L01-060"
"2",10.1383744433471,0.216865674287181,9.3214022985749,"Q_limit2","Chub","Adult","Velocity","L01-060"
"3",0.293356993494486,0.293928415982018,0.294058316087577,"Hydraulic_limit1","Chub","Adult","Velocity","L01-060"
"4",0.293356993494486,0.685688915642046,0.533599476264343,"Hydraulic_limit2","Chub","Adult","Velocity","L01-060"
