"","V1","V2","V3","Type","Species","Life_Stage","Hydraulic","Node"
"1",9.3952590697559,0.0024442132251806,7.58314257410116,"Q_limit1","Chub","Adult","Velocity","L01-060"
"2",9.3952590697559,0.43822626603369,7.58314257410116,"Q_limit2","Chub","Adult","Velocity","L01-060"
"3",0.167383495498651,0.184930286089423,0.167783655814262,"Hydraulic_limit1","Chub","Adult","Velocity","L01-060"
"4",0.167383495498651,0.794695325386113,0.167783655814262,"Hydraulic_limit2","Chub","Adult","Velocity","L01-060"
