"","V1","V2","V3","Type","Species","Life_Stage","Hydraulic","Node"
"1",0.765390876636326,0.00524722681871974,0.0640541679880192,"Q_limit1","Chub","Adult","Velocity","L02-010"
"2",6.09166590702424,0.184478282265278,0.435564357065373,"Q_limit2","Chub","Adult","Velocity","L02-010"
"3",0.293928088977479,0.293931665510022,0.293928107343754,"Hydraulic_limit1","Chub","Adult","Velocity","L02-010"
"4",0.685694537089388,0.685693930073424,0.685694352599964,"Hydraulic_limit2","Chub","Adult","Velocity","L02-010"
