"","V1","V2","V3","V4","Type","Species","Life_Stage","Hydraulic","Node"
"1",6.43517573523394,1.22289173513997,NA,2.03223784619235,"Q_limit1","Chub","Adult","Depth","L02-031"
"2",6.43517573523394,6.08564891705329,NA,8.36796343919693,"Q_limit2","Chub","Adult","Depth","L02-031"
"3",34.3885836676735,34.3765766062561,NA,34.3767271774531,"Hydraulic_limit1","Chub","Adult","Depth","L02-031"
"4",34.3885836676735,57.4435030749726,NA,57.4393128353222,"Hydraulic_limit2","Chub","Adult","Depth","L02-031"
