"","V1","V2","V3","V4","Type","Species","Life_Stage","Hydraulic","Node"
"1",7.34929860977727,0.719684044584422,6.97896696412145,0.00498950505678392,"Q_limit1","Chub","Adult","Velocity","L02-040"
"2",11.8496968173916,1.62198447673867,12.0719336814508,0.115415972036875,"Q_limit2","Chub","Adult","Velocity","L02-040"
"3",0.296876248751161,0.293940028208372,0.294179795532806,0.293928090671572,"Hydraulic_limit1","Chub","Adult","Velocity","L02-040"
"4",0.681663300233764,0.685636603391342,0.685496763483678,0.68569441415864,"Hydraulic_limit2","Chub","Adult","Velocity","L02-040"
