"","V1","V2","V3","V4","V5","Type","Species","Life_Stage","Hydraulic","Node"
"1",0.884309898139847,0.27023794206234,0.00977266504790519,0.193971607737721,40.7254967620485,"Q_limit1","Toad","Tadpole","Velocity","J01-030"
"2",0.884309898139847,0.27023794206234,0.00977266504790519,0.193971607737721,40.7254967620485,"Q_limit2","Toad","Tadpole","Velocity","J01-030"
"3",0.4,0.4,0.4,0.4,0.4,"Hydraulic_limit1","Toad","Tadpole","Velocity","J01-030"
"4",0.4,0.4,0.4,0.4,0.4,"Hydraulic_limit2","Toad","Tadpole","Velocity","J01-030"
