"","V1","V2","V3","V4","V5","Type","Species","Life_Stage","Hydraulic","Node"
"1",9.03973121540641,4.32717794992148,2.22921965675807,4.77299732998502,29.2995935536885,"Q_limit1","Toad","Tadpole","Depth","J01-030"
"2",9.03973121540641,4.32717794992148,2.22921965675807,4.77299732998502,29.2995935536885,"Q_limit2","Toad","Tadpole","Depth","J01-030"
"3",30,30,30,30,30,"Hydraulic_limit1","Toad","Tadpole","Depth","J01-030"
"4",30,30,30,30,30,"Hydraulic_limit2","Toad","Tadpole","Depth","J01-030"
