"","V1","V2","V3","V4","V5","Type","Species","Life_Stage","Hydraulic","Node"
"1",10.8103671518315,0.574875495529386,0.694160415696297,0.327025680492031,9.41440489020808,"Q_limit1","Toad","Breeding/Eegs","Depth","J01-040"
"2",10.8103671518315,0.574875495529386,0.694160415696297,0.327025680492031,9.41440489020808,"Q_limit2","Toad","Breeding/Eegs","Depth","J01-040"
"3",15,15,15,15,15,"Hydraulic_limit1","Toad","Breeding/Eegs","Depth","J01-040"
"4",15,15,15,15,15,"Hydraulic_limit2","Toad","Breeding/Eegs","Depth","J01-040"
