"","V1","V2","V3","V4","V5","V6","Type","Species","Life_Stage","Hydraulic","Node"
"1",24.0296402641676,1.65565679653857,24.0296402641676,3.64433126906778,11.5105652888009,0.364831158266817,"Q_limit1","Toad","Tadpole","Velocity","L02-022"
"2",24.0296402641676,1.65565679653857,24.0296402641676,3.64433126906778,11.5105652888009,0.364831158266817,"Q_limit2","Toad","Tadpole","Velocity","L02-022"
"3",0.4,0.4,0.4,0.4,0.4,0.4,"Hydraulic_limit1","Toad","Tadpole","Velocity","L02-022"
"4",0.4,0.4,0.4,0.4,0.4,0.4,"Hydraulic_limit2","Toad","Tadpole","Velocity","L02-022"
