"","V1","V2","V3","V4","V5","V6","Type","Species","Life_Stage","Hydraulic","Node"
"1",24.0296402641676,9.99481129050515,24.0296402641676,10.6013725573325,24.0296402641676,5.29131028312292,"Q_limit1","Toad","Breeding/Eegs","Depth","L02-022"
"2",24.0296402641676,9.99481129050515,24.0296402641676,10.6013725573325,24.0296402641676,5.29131028312292,"Q_limit2","Toad","Breeding/Eegs","Depth","L02-022"
"3",15,15,15,15,15,15,"Hydraulic_limit1","Toad","Breeding/Eegs","Depth","L02-022"
"4",15,15,15,15,15,15,"Hydraulic_limit2","Toad","Breeding/Eegs","Depth","L02-022"
