"","V1","V2","V3","V4","V5","V6","Type","Species","Life_Stage","Hydraulic","Node"
"1",24.0296402641676,0.113909525155865,24.0296402641676,1.7656296220182,5.31013417645559,0.00203962468489331,"Q_limit1","Toad","Breeding/Eggs","Velocity","L02-022"
"2",24.0296402641676,0.113909525155865,24.0296402641676,1.7656296220182,5.31013417645559,0.00203962468489331,"Q_limit2","Toad","Breeding/Eggs","Velocity","L02-022"
"3",0.05,0.05,0.05,0.05,0.05,0.05,"Hydraulic_limit1","Toad","Breeding/Eggs","Velocity","L02-022"
"4",0.05,0.05,0.05,0.05,0.05,0.05,"Hydraulic_limit2","Toad","Breeding/Eggs","Velocity","L02-022"
